Microsec,AvailableMoves
6736,4
5765,3
8059,4
2423,6
2120,4
2190,4
8615,10
6276,6
3129,10
2980,8
2720,6
3329,7
3157,11
3086,9
2817,10
3754,12
13618,10
4535,11
3567,8
5520,11
3527,11
8992,12
5754,11
3648,13
14434,7
5878,13
8821,10
6037,12
3426,10
5713,15
5176,10
3805,16
2597,5
3109,15
2493,7
5695,13
5325,9
3891,11
2313,9
2626,9
2721,9
2445,9
2553,9
9800,8
7283,11
4152,11
4683,6
3540,11
11108,5
7422,9
7986,7
5823,6
4169,6
2264,4
3574,3
2186,4
7141,3
3637,3
2633,2
2945,1
10779,4
5193,3
7669,4
2597,6
3603,4
10167,4
5659,6
2396,5
2832,10
2831,9
2563,10
3197,9
4690,8
3578,9
2938,6
4793,13
5207,9
3068,10
3589,11
17266,6
2659,15
20245,1
3645,14
2591,5
5125,11
12528,5
3663,11
2809,8
3466,12
5100,6
3440,12
13512,8
3278,13
5223,9
4600,14
4252,9
3857,13
5486,8
2943,14
5393,6
3959,12
5311,5
2762,12
2354,5
2668,12
2777,7
5320,10
2564,9
2976,10
2301,7
9464,8
2337,6
5629,6
4482,6
2615,6
3082,5
1944,4
2237,3
2171,1
2231,1
6587,4
7730,3
5535,4
2234,6
2547,4
9807,4
5118,6
2454,5
2660,10
2696,9
3411,10
4099,9
2725,8
4369,9
2731,6
3226,13
2666,9
3183,10
7121,11
14915,6
5953,15
22628,1
6440,14
2474,5
2848,11
12545,5
5306,11
2705,8
4862,12
2642,6
3269,12
15199,8
3421,13
3080,9
4275,14
6929,9
4897,13
8877,10
3436,11
5273,6
5224,12
5224,9
5318,11
2232,9
9419,5
3087,8
2807,5
5981,9
2569,7
2525,7
3016,4
2164,5
4590,5
2192,5
2585,4
2431,4
4705,3
2905,2
2245,1
2151,1
4737,3
2433,6
4075,7
7576,8
14792,7
4981,10
6347,3
2565,6
5149,7
7142,8
10923,7
2398,10
3255,13
5591,10
2611,9
5123,4
7263,3
5918,4
4669,6
1758,4
9090,4
8311,6
5443,5
2765,10
3794,9
2686,10
2508,9
2178,8
3703,9
2523,8
5502,8
4251,8
10454,9
2209,11
2561,7
7314,6
8605,10
4293,7
5502,12
3704,7
3037,11
3250,9
4304,13
5297,5
22005,14
19130,9
3297,14
3000,12
10659,12
3397,7
5586,11
4975,7
5441,11
3279,6
9270,10
11318,7
9910,11
4852,6
4122,11
15663,4
3486,13
9427,5
3829,10
10351,5
4610,9
5800,6
2104,8
2743,7
4459,4
2742,5
2229,2
2137,3
1991,2
2207,2
2229,1
4346,4
1874,3
13059,4
4542,5
28648,4
6340,7
1970,7
3076,4
4448,6
5655,8
13995,4
2218,6
2965,8
8537,8
3168,11
5951,9
3212,11
3621,11
4361,13
3281,10
4548,12
3858,10
7277,13
6704,10
3389,10
6039,13
4920,13
4184,11
6213,10
3825,13
3884,12
3260,12
5223,10
3638,10
6305,9
3167,9
10414,11
2479,10
6247,10
2655,8
4151,10
2835,12
2719,8
3154,9
2369,8
2841,11
7015,7
5276,11
4560,6
1837,9
1942,5
2034,7
2409,5
2852,4
4411,3
4353,4
1747,3
1704,3
4913,2
1491,1
4656,4
1896,3
13719,4
5607,5
26317,4
19318,4
2305,10
7429,3
1922,8
3119,8
2817,9
5129,9
2251,8
16087,13
3050,12
3412,13
6146,12
3984,9
4023,14
4008,13
3394,10
5059,14
4194,12
4529,13
3973,11
4187,14
3107,10
4550,15
3056,12
6520,14
3794,12
5435,10
3205,15
17583,11
4517,15
1864,4
5142,13
2282,6
2892,14
3733,7
3013,10
2582,10
2821,10
5693,3
2033,6
4265,5
4453,11
2017,6
5650,9
1749,4
2549,6
12732,4
1510,6
1810,3
3415,5
1893,4
1638,3
1874,2
4618,2
5389,4
7416,3
5258,4
2117,6
4088,4
4951,4
6576,10
9310,6
3048,10
2540,8
2737,6
2149,7
3309,11
4366,9
2885,10
3808,12
16649,10
4406,11
3159,8
3555,11
4228,11
8788,12
3137,11
3279,13
12614,7
3146,13
8685,10
2890,12
4090,10
3388,15
4670,10
5491,16
16471,7
10451,14
6284,8
3722,12
2667,8
2930,11
2841,10
6091,11
3254,7
6170,13
2534,8
8373,12
3118,8
3374,12
12805,7
2483,9
2098,7
2003,7
2426,9
3191,6
2525,7
5775,4
2626,5
1692,3
5038,3
1514,2
1681,2
1670,1
4773,4
2538,3
11024,4
7191,5
29053,4
2010,7
4950,4
1811,7
2452,5
11158,11
2020,5
3775,6
10269,5
6005,13
22093,6
3604,14
3053,8
8927,10
2495,11
5927,9
4349,12
2698,8
3108,12
8597,11
7031,11
4698,11
3035,11
3245,11
3110,9
3578,12
5617,11
3051,11
9514,11
11791,9
5437,11
3972,13
4030,14
5714,9
3763,14
4833,13
5573,13
2695,10
4778,11
2420,8
3111,10
3892,7
5921,10
2426,7
1702,6
4444,8
8868,6
3810,5
1783,6
4198,5
1918,5
1611,4
1720,3
1643,2
2171,1
1601,1
4790,4
5227,3
3940,4
2128,6
1781,4
11759,4
6283,6
2040,5
5723,10
2929,9
2589,10
2715,9
2755,8
3224,9
2482,8
9540,8
3467,8
2253,7
3316,10
3722,11
2789,10
3679,11
2449,9
4017,9
9287,7
2158,9
1956,5
2163,8
2094,7
3919,6
5236,10
3654,15
3051,8
12242,16
3276,7
3663,16
5541,10
9855,14
14894,9
4277,13
2157,6
2429,11
2838,7
2525,12
6696,7
2590,8
5890,6
2317,7
2269,7
3362,9
1622,5
1973,7
2017,7
2437,5
4233,5
1784,3
6443,3
6463,3
3032,2
1435,1
4505,4
6765,3
5354,4
2226,6
1826,4
1926,4
8851,10
5292,6
5009,10
2311,8
2350,6
2393,7
5550,11
3064,9
3125,10
3862,12
16116,10
3435,11
4813,8
3641,11
5546,11
9476,12
3752,11
3430,13
12776,7
3369,13
5933,10
5240,12
3312,10
3867,15
4514,10
7384,16
17576,7
9811,14
3670,8
2639,12
5130,8
2891,11
4997,10
4976,11
5490,7
8283,13
3058,8
8800,12
2337,8
3102,12
8559,7
4377,9
2146,7
4193,7
2563,9
2907,6
3820,7
6455,3
1961,6
10689,2
1649,4
2674,1
4326,2
1619,1
4324,4
7622,3
4777,4
1763,6
1720,4
1856,4
9730,10
5404,6
2694,10
2411,8
2761,6
2810,7
2318,11
3239,9
3080,10
3286,12
15527,10
3095,11
3360,8
6082,11
3690,11
6455,12
4902,11
2991,13
13862,7
5981,13
6564,10
5607,12
3259,10
4969,15
4278,10
3874,16
2357,5
3087,15
4435,7
5335,13
2809,9
2816,11
2569,9
3255,9
5375,9
5812,9
2586,9
11564,8
8878,11
4645,11
2105,6
6576,11
10592,5
3855,9
1939,6
2707,8
4406,3
1520,6
2575,4
1720,4
1678,2
2075,3
1750,2
2117,1
15585,4
7597,3
6395,4
2423,6
1710,4
9446,4
3713,6
2001,5
2667,10
2523,9
2414,10
2961,9
4422,8
3728,9
4121,8
6905,8
4274,8
12299,9
2891,11
4741,7
15223,6
1877,10
1536,7
1568,12
1759,7
1478,11
4436,9
5834,13
1297,5
10803,14
5799,9
2167,14
2376,12
3275,12
1844,7
4833,11
1204,7
1118,11
1386,6
3138,10
7919,7
3183,11
944,6
6197,11
4503,4
1630,13
6854,5
947,10
2941,5
4707,9
7624,6
987,8
684,7
1447,4
637,5
509,2
508,3
567,2
522,2
453,1
4610,4
1727,3
1907,4
683,6
584,4
2993,4
1677,6
817,5
4771,10
1216,9
1790,10
1301,9
1112,8
3668,9
1101,6
1681,13
1347,9
1287,10
5150,11
8920,6
1758,15
10859,1
1075,14
867,5
3951,11
8030,5
1161,11
1138,8
2022,12
1155,6
1467,12
7963,8
1998,13
6084,9
2150,14
2223,9
2055,13
1387,8
1415,14
945,6
1722,12
3469,10
5549,12
1271,8
1257,12
935,6
1060,11
5233,7
985,10
923,7
845,9
1744,8
842,8
687,6
1022,6
797,5
583,3
694,3
740,2
570,1
4451,4
2085,3
2766,4
4047,6
902,4
2463,4
5008,6
1113,5
1234,10
1232,9
1375,10
1277,9
1153,8
3722,9
1204,6
1604,13
1336,9
1314,10
4633,11
4104,6
1918,15
10126,1
1040,14
862,5
4738,11
7661,5
1104,11
1130,8
2382,12
1452,6
1455,12
8780,8
2001,13
3650,9
1781,14
1969,9
1846,13
1358,8
1472,14
981,6
1659,12
851,5
6346,12
831,5
1544,12
1993,7
1405,10
4342,9
1173,10
5640,7
5919,8
787,6
1057,6
1880,4
1293,5
4232,5
652,2
551,3
608,1
532,1
4764,4
684,3
8484,4
5999,5
12954,4
2744,7
829,7
1021,4
2003,6
6681,8
8919,4
833,6
1112,8
3092,8
1492,11
1663,9
1658,11
4517,11
4872,13
1692,10
1782,12
5396,10
2256,13
1909,10
2096,10
2391,13
3001,13
1713,11
2039,10
2092,13
2312,12
3770,12
4401,10
1286,10
3227,9
1479,9
3061,11
4700,10
2547,10
1533,8
4398,10
1407,12
1204,8
1223,9
1438,8
1199,11
3120,7
1424,11
872,6
891,9
727,5
706,7
1226,5
581,4
543,4
840,4
863,4
462,3
463,2
394,1
4360,4
786,3
7799,4
821,6
994,5
572,4
9438,5
1600,7
4496,6
6649,10
8891,5
7563,11
6108,11
1643,10
2100,11
3133,7
4902,7
2192,9
1557,9
8671,9
3438,10
1104,8
1410,8
2285,14
2287,12
3032,16
2127,11
2739,16
3163,11
2172,13
5397,8
3369,14
1779,9
1799,16
4438,8
2774,15
13891,5
2472,17
1340,7
1774,14
2087,10
2681,12
4227,9
1070,8
1529,8
1352,9
914,7
791,6
4217,6
1144,8
642,4
1468,7
643,6
552,3
601,6
548,4
491,2
512,3
581,2
414,1
6817,4
1661,3
2389,4
657,6
579,4
3344,4
1370,6
789,5
1201,10
1459,9
1343,10
1441,9
1099,8
2250,9
4881,8
6586,8
1457,8
1176,7
1415,10
4010,11
1340,10
1581,11
1664,9
1128,9
2618,7
1050,9
736,5
904,8
954,7
1234,6
1569,10
1531,15
1835,8
6673,16
4732,7
2000,16
2015,10
2884,14
4873,9
2296,13
5251,8
1555,13
900,5
1126,12
1189,6
1920,12
932,6
1263,10
1095,8
851,8
820,7
1062,8
743,7
1023,5
882,4
484,3
487,3
798,1
847,2
4238,4
665,3
3112,4
733,5
12789,4
7221,4
8030,10
1304,8
1493,10
4625,8
1958,12
3343,9
1502,8
6496,14
2517,13
6189,12
3246,15
3099,16
4159,13
3734,17
4101,15
3497,18
3091,14
5004,14
3194,17
3205,12
2338,14
3675,15
10461,11
2103,14
2994,8
4352,17
4192,13
2030,12
2556,12
2177,13
5516,13
2243,13
2748,15
2119,14
4135,12
5346,15
3656,11
2157,13
1768,9
2055,10
987,8
6111,7
1731,8
799,7
1452,6
705,6
1393,6
1343,5
654,4
1367,3
883,4
495,2
584,2
488,1
4675,4
683,3
2318,4
703,6
638,4
2263,4
5556,6
890,5
1857,10
922,6
943,6
1362,12
5133,8
3045,16
4954,11
4100,13
3833,13
2593,13
5543,11
4959,12
5635,12
1863,10
4011,12
3605,10
1907,11
2029,11
2041,12
3002,12
2601,15
2343,12
2515,15
3029,11
2017,9
1769,11
1669,12
1501,9
1650,13
1378,8
1957,13
4296,10
4309,11
1500,10
1344,11
1457,10
6640,10
1496,8
1824,10
710,4
845,10
7079,6
753,7
669,5
1190,5
608,4
600,4
999,3
3886,2
516,3
455,2
421,1
5307,4
757,3
3128,4
648,6
579,3
649,5
1138,6
577,3
908,6
5679,7
1917,5
1399,5
1710,8
1331,8
1351,10
825,4
5390,10
1053,9
1287,8
1430,12
1142,7
1506,11
1469,8
1190,9
1394,9
6031,9
1768,12
1689,10
1847,11
2115,14
1659,11
2725,10
1936,13
2812,12
3322,12
1532,9
1438,10
1589,10
4765,10
1424,10
1527,10
3690,8
997,10
3641,7
1014,11
721,4
833,10
5966,5
762,9
679,4
709,8
570,3
695,8
4860,5
582,6
680,5
601,4
585,2
516,2
436,1
4621,4
703,3
4444,4
3233,5
13482,4
4034,4
5378,10
1107,7
4382,7
1154,9
2115,9
1163,7
3842,12
1617,8
4665,11
1451,8
4238,13
2740,14
1657,8
2014,9
2438,16
10412,10
2629,16
2362,10
2447,12
5222,18
2973,13
2811,15
5487,16
11233,14
9013,14
2430,13
2295,12
3004,14
5744,15
3466,13
2942,14
2369,15
2105,13
2037,15
1606,9
1888,14
2117,9
5087,15
1788,9
1641,15
1441,6
1142,10
1644,9
857,8
736,6
641,8
1754,5
700,5
595,5
519,4
990,3
865,3
493,2
570,1
4977,4
659,3
2506,4
692,5
11265,4
955,7
809,5
866,6
2692,6
2265,12
1744,7
1349,7
8509,8
5003,10
1222,7
4213,7
1228,9
1290,9
2818,9
1157,6
970,6
1572,9
1870,10
1812,10
2349,15
1693,10
5561,13
5335,13
3585,13
3249,13
2861,14
2672,10
3435,20
2407,11
2456,20
4949,10
2930,16
5684,14
2529,15
9647,14
1630,11
2504,13
7649,8
1433,11
1730,8
5211,9
2726,8
1227,9
1053,7
5309,9
4020,5
1198,9
642,4
1079,6
1020,6
604,3
536,3
515,3
493,2
443,1
5305,4
672,3
2972,4
695,6
823,3
653,5
670,6
639,3
943,6
1967,7
1692,5
793,5
1162,8
1394,8
1348,10
700,4
1497,10
1627,9
4199,8
1650,12
1201,7
1611,11
1307,8
1607,9
1359,9
2227,9
1774,12
5026,10
1846,11
2674,14
3124,11
1699,10
1838,13
2298,12
5267,12
1517,9
1233,10
4554,10
1648,10
2728,10
1402,10
4269,8
1142,10
8033,7
1014,11
752,4
835,10
2904,5
769,9
640,4
709,8
983,3
622,8
688,5
571,6
596,5
582,4
502,2
484,2
547,1
4325,4
645,3
3512,4
783,5
13092,4
7352,4
9047,10
1298,8
1462,10
7287,8
3790,12
1820,9
1497,8
2430,14
2475,13
6759,12
3946,15
6355,16
3227,13
3733,17
3333,15
3527,18
4319,14
2592,14
3172,17
4438,12
2890,14
4395,15
10214,11
2104,14
1816,8
3216,17
2292,13
2043,12
2647,12
2620,13
2232,13
2600,13
2732,15
2136,14
6797,12
2219,15
3696,11
1971,13
4701,9
1937,10
990,8
1627,7
1627,8
929,7
1496,6
701,6
1358,6
1337,5
551,4
1308,3
890,4
495,2
813,2
4426,4
1946,3
2458,4
663,6
601,4
2832,4
1562,6
915,5
1519,10
1327,9
1510,10
1276,9
1496,8
1949,9
1370,8
2765,8
1610,8
1527,7
1412,10
1583,11
1225,10
1748,11
2263,9
1229,9
7075,7
1027,9
789,5
879,8
949,7
902,6
1574,10
1496,15
1491,8
3953,16
1469,7
2391,16
2205,10
3348,14
4705,9
1688,13
1294,6
1110,11
4255,7
1195,12
2079,7
1737,8
2296,6
809,7
1403,7
4038,9
731,5
780,7
897,7
739,5
1005,5
527,5
491,2
553,3
497,2
494,1
4015,4
2107,3
1941,4
702,6
621,4
2749,4
5772,6
1003,5
1334,10
1222,9
1342,10
1277,9
1325,8
1553,9
1094,8
3461,8
1487,8
8615,9
1323,11
1044,7
2779,6
1965,10
1910,7
1180,11
1946,5
1910,8
8298,11
4519,11
1722,8
1256,11
1251,5
1551,15
988,5
4123,12
1844,8
1971,14
4779,7
1607,12
1052,5
1871,11
1045,7
1045,9
1472,9
4852,10
4118,8
3516,11
945,6
870,7
4752,6
1158,7
1076,6
648,7
1742,3
627,5
571,2
994,4
845,1
472,2
512,2
680,1
8026,4
2552,3
2190,4
724,6
682,4
2355,4
1426,6
983,5
1317,10
1216,9
1254,10
1404,9
1094,8
1696,9
5032,8
2887,8
2879,8
9008,9
1301,11
1049,7
2751,6
2293,10
1612,7
2552,12
5163,7
1177,12
2764,6
1610,11
6429,11
4685,11
2720,9
6087,9
7457,9
1096,9
3555,6
1438,9
1803,10
2765,11
1332,8
1787,12
1891,8
4853,11
3518,6
1142,10
1047,8
929,8
1002,7
2226,9
891,5
1553,9
989,5
1194,9
2270,4
1921,7
1919,3
1388,5
1481,4
1749,2
500,2
448,1
5312,4
2002,3
1955,4
824,6
615,4
5846,4
1307,6
777,5
1298,10
1485,9
1252,10
1352,9
1088,8
1569,9
1079,6
1644,13
1341,9
1273,10
1616,11
4234,6
2333,15
10194,1
1269,14
860,5
1119,11
7073,5
1122,11
1246,8
2165,12
977,6
4397,12
7444,8
1679,13
1510,9
2151,14
2538,9
1674,13
1472,8
1284,14
1227,6
1672,12
1515,5
2681,12
1565,5
1095,12
1183,7
1172,10
1150,9
1153,10
1111,7
1985,8
780,6
1218,6
1438,6
668,6
748,5
536,4
485,3
470,1
434,1
5923,4
833,3
7934,4
2119,5
12425,4
7204,4
1703,10
1774,3
987,8
1228,8
1410,9
2000,9
4711,8
8845,13
1890,12
2239,13
3604,12
2139,9
2286,14
5883,13
1903,10
2959,14
2388,12
2514,13
2155,11
2369,14
2807,10
5403,15
2040,12
6631,14
4651,12
1874,10
2006,15
7050,11
2285,15
1056,4
1719,13
1086,6
1634,14
1878,7
1230,10
1291,10
1321,10
1701,3
814,6
4118,5
1722,11
822,6
1234,9
855,4
1000,6
3574,4
628,6
531,3
1513,5
544,4
501,3
499,2
446,2
5807,4
731,3
3424,4
793,6
4104,3
702,5
745,6
666,3
776,6
1877,7
1842,5
754,5
1072,8
1394,8
1327,10
695,4
1467,10
4450,9
1414,8
1888,12
5053,7
4590,11
1164,8
1299,9
1341,9
2093,9
1727,12
1527,10
1904,11
2121,14
1811,11
1667,10
2288,13
3331,12
3921,12
2243,9
4848,10
1955,10
1415,10
2226,10
1240,10
1227,8
1000,10
4300,7
1078,11
728,4
878,10
2973,5
839,9
801,4
808,8
582,3
648,8
654,5
848,6
603,5
520,4
5173,2
491,2
433,1
6946,4
894,3
2932,4
3788,6
652,4
2374,4
1656,6
918,5
1285,10
949,6
1543,6
1348,12
4831,8
2101,17
1924,9
1738,12
1334,6
1205,9
1480,9
1850,10
1759,10
1636,10
1839,10
6420,13
2304,15
1923,10
7080,15
2827,8
1941,13
1633,10
1569,9
4560,16
1870,10
3646,16
2207,10
3262,14
2278,13
3519,10
6520,13
4633,9
1505,13
1582,9
5908,14
5329,7
1918,13
4182,7
1777,12
1137,8
1087,11
1247,8
4039,6
3563,7
675,5
638,6
945,5
987,3
493,4
504,2
473,2
429,1
10137,4
861,3
3649,4
1042,5
10568,4
943,7
1029,5
823,6
2561,6
5166,12
4773,7
898,7
1128,6
2274,6
870,7
917,6
3010,10
1494,9
913,7
4207,8
3173,14
1117,6
2874,14
6381,7
4825,15
2107,12
2171,15
3836,12
4901,12
3467,12
2759,9
1886,13
1904,10
2228,16
2675,14
2804,15
2588,13
7698,12
6310,15
4460,6
3401,14
1421,8
2773,14
906,5
950,10
898,5
1012,10
643,3
3624,8
2317,2
680,7
553,2
764,6
591,2
1174,4
510,2
529,3
818,2
484,1
447,1
6280,4
777,3
4647,4
944,5
12859,4
3946,7
638,4
3257,6
1451,11
3077,5
4659,10
1474,9
4286,11
3624,10
2132,16
1284,7
1541,13
1842,5
5454,12
1717,8
1384,12
2731,7
1906,15
1732,10
1869,12
1345,10
6131,11
1808,9
2109,14
1704,10
1781,13
1248,6
2379,16
2114,9
2376,18
3809,11
5624,14
2090,14
2107,14
1381,8
1548,13
4481,10
3023,13
4426,12
6275,10
1136,9
1138,9
1018,8
1818,9
922,5
782,7
741,7
1368,5
552,5
4284,3
515,4
523,2
450,2
422,2
5396,1
6355,4
885,3
4660,4
886,5
13310,4
2987,4
3180,9
4815,8
858,6
1019,8
2219,4
1243,8
1493,9
997,6
3198,10
2917,10
4055,12
5202,12
4921,12
2389,13
5433,11
2566,15
1752,9
2313,14
3445,12
1938,13
1767,10
2358,15
1958,11
2582,14
4484,14
5941,15
4950,13
2354,13
4535,17
1946,10
2562,15
7207,16
3199,12
2004,11
1724,12
3461,12
3158,11
1462,12
1534,8
1153,9
4003,11
961,7
869,7
690,6
4443,7
2553,6
881,8
683,6
1020,5
551,5
571,4
566,2
813,4
2421,3
5759,5
5075,5
8656,5
7889,7
5940,6
4749,6
2780,4
4391,6
5653,7
2542,6
2267,8
3128,9
2578,8
4954,8
4495,9
13937,12
3379,8
4819,9
11865,5
2870,8
10312,9
2719,8
2547,8
5951,9
5575,10
10321,7
3230,8
2485,8
9606,7
3667,7
4047,5
2851,7
3544,5
2424,5
2601,4
3145,4
1987,2
2472,7
5130,2
2673,10
1841,4
2492,8
2383,5
3982,6
6737,6
2437,6
14984,5
6424,8
4473,4
2020,5
2223,5
2427,5
3979,5
1988,4
3762,3
5681,3
3686,1
1606,1
5367,4
4183,3
4467,5
6938,5
7293,5
6461,7
4237,6
2646,6
2293,4
3421,6
4426,7
3405,6
6018,8
3794,9
3906,8
5659,8
3789,9
14977,12
3328,8
2933,9
13164,5
5202,8
8703,9
3639,8
3437,8
3259,9
6708,10
8296,7
2561,8
5538,8
10938,7
6281,7
2338,5
5142,7
5378,5
3600,5
2411,4
5137,4
2131,2
1986,7
2559,2
2675,10
2295,4
2629,8
2259,5
4802,6
4885,6
4791,6
15267,5
4117,8
2558,4
4819,5
1053,5
815,5
850,5
5708,4
1038,3
1793,3
825,1
516,1
742,4
1042,3
1733,5
5349,5
3039,5
2409,7
1924,6
1268,6
993,4
1172,6
990,7
1043,6
1225,8
1660,9
1368,8
1358,8
1753,9
5901,12
2076,8
4302,9
4474,5
1356,8
5182,9
1648,8
1240,8
1640,9
1647,10
4304,7
1321,8
1439,8
6602,7
2042,7
4779,5
1070,7
1510,5
929,5
862,4
866,4
800,2
1071,7
971,2
1329,10
1213,4
1108,8
1204,5
1613,6
4863,6
930,6
9438,5
5721,8
2239,4
879,5
901,5
1219,5
1087,5
898,4
865,3
1920,3
724,1
497,1
984,4
839,3
2092,5
1837,5
2893,5
6016,7
2271,6
981,6
978,4
1146,6
1725,7
1339,6
1390,8
1613,9
1859,8
1721,8
2474,9
5675,12
1503,8
1632,9
4404,5
1245,8
7294,9
1369,8
1247,8
1475,9
2027,10
7317,7
1322,8
2006,8
7677,7
2033,7
1138,5
1284,7
1805,5
1148,5
860,4
952,4
958,2
1337,7
949,2
1167,10
938,4
1093,8
998,5
1590,6
2290,6
1179,6
9752,5
1926,8
2184,4
1100,5
1128,5
1048,5
862,5
768,4
757,3
1396,3
697,1
469,1
735,4
891,3
1888,5
1550,5
6378,5
2202,7
1577,6
972,6
938,4
1251,6
1286,7
1277,6
1968,8
1748,9
1798,8
1340,8
1771,9
7535,12
1530,8
1254,9
4691,5
1363,8
7661,9
1338,8
1242,8
1443,9
1959,10
7144,7
1324,8
1725,8
7519,7
1794,7
1001,5
1076,7
1517,5
936,5
832,4
860,4
936,2
1223,7
1318,2
1425,10
974,4
1158,8
1532,5
1879,6
2265,6
1128,6
8785,5
1926,8
2590,4
988,5
1047,5
835,5
1036,5
895,4
766,3
1408,3
710,1
455,1
740,4
843,3
1665,5
1808,5
2975,5
2222,7
2224,6
1514,6
1064,4
1094,6
1185,7
1043,6
1241,8
1533,9
1308,8
1477,8
4437,9
10865,12
4309,8
1511,9
5058,5
1434,8
4160,9
1714,8
1246,8
4490,9
2766,10
7152,7
1301,8
1341,8
5578,7
1956,7
1009,5
1062,7
2045,5
942,5
841,4
855,4
1063,2
1021,7
981,2
1461,10
969,4
1112,8
1000,5
1620,6
2717,6
977,6
9348,5
1735,8
2885,4
923,5
898,5
778,5
1002,5
770,4
5669,3
1494,3
773,1
459,1
778,4
885,3
4446,5
1613,5
3107,5
2208,7
1564,6
989,6
880,4
1012,6
1132,7
1310,6
1351,8
1526,9
2181,8
2256,8
1733,9
8019,12
2414,8
1347,9
4448,5
1382,8
3940,9
1373,8
1246,8
1696,9
1860,10
7704,7
4185,8
1592,8
3794,7
1821,7
1094,5
1318,7
1528,5
1153,5
851,4
943,4
970,2
1080,7
835,2
1400,10
3730,4
1376,8
1132,5
4846,6
2271,6
986,6
10522,5
4513,8
2231,4
1088,5
902,5
849,5
965,5
861,4
969,3
1428,3
743,1
536,1
882,4
797,3
2020,5
1768,5
2659,5
2454,7
1524,6
1002,6
1139,4
1223,6
1011,7
1065,6
1242,8
1528,9
1282,8
1752,8
4509,9
8490,12
1478,8
1710,9
4331,5
1983,8
6817,9
1666,8
1424,8
1961,9
2701,10
7594,7
1331,8
1607,8
3663,7
2247,7
992,5
1159,7
2186,5
1383,5
830,4
1015,4
765,2
1154,7
941,2
2165,10
965,4
4035,8
988,5
2047,6
5140,6
924,6
8878,5
1575,8
2205,4
1019,5
949,5
827,5
845,5
4595,4
791,3
1407,3
1051,1
642,1
986,4
833,3
5054,5
1647,5
6943,5
2236,7
1562,6
1158,6
916,4
1181,6
1008,7
1233,6
1250,8
1722,9
1277,8
1369,8
2605,9
5254,12
1485,8
1293,9
8523,5
1232,8
3916,9
5850,8
1243,8
3260,9
2017,10
3876,7
1478,8
2948,8
4380,7
2171,7
985,5
1077,7
1857,5
938,5
925,4
855,4
797,2
1140,7
858,2
1499,10
4279,4
1097,8
1041,5
1601,6
2283,6
955,6
5836,5
2147,8
2244,4
908,5
898,5
828,5
960,5
766,4
764,3
1644,3
894,1
452,1
812,4
809,3
1927,5
1591,5
2687,5
2475,7
1616,6
1216,6
1175,4
979,6
1153,7
1106,6
5156,8
1846,9
1513,8
1347,8
1770,9
9138,12
4927,8
5443,9
4297,5
1228,8
7073,9
1340,8
1635,8
1453,9
1658,10
6782,7
4856,8
1650,8
7608,7
6088,7
994,5
1094,7
1535,5
929,5
840,4
1278,4
930,2
1278,7
935,2
1431,10
3965,4
1347,8
1009,5
1610,6
2335,6
919,6
9199,5
1683,8
2366,4
879,5
907,5
822,5
845,5
3765,4
800,3
1432,3
709,1
450,1
962,4
1038,3
1930,5
1522,5
6372,5
2237,7
1651,6
1021,6
990,4
1333,6
993,7
1046,6
2034,8
2768,9
1370,8
4658,8
3214,9
7019,12
1471,8
1305,9
4906,5
1242,8
4084,9
2158,8
1274,8
1478,9
1701,10
7332,7
4618,8
1353,8
3717,7
5105,7
1003,5
1989,7
1790,5
4586,5
1035,4
1064,4
958,2
1176,7
1364,2
1524,10
1024,4
1091,8
1168,5
1620,6
5318,6
1267,6
7191,5
1594,8
5587,4
1081,5
965,5
1065,5
908,5
1092,4
778,3
1420,3
713,1
454,1
743,4
896,3
1595,5
1825,5
6213,5
2224,7
1551,6
993,6
3995,4
981,6
997,7
1075,6
1299,8
2234,9
1316,8
1435,8
1734,9
8422,12
1725,8
1594,9
6401,5
1246,8
3852,9
2183,8
1515,8
4444,9
1699,10
7415,7
1301,8
3859,8
7299,7
2035,7
984,5
1078,7
1526,5
928,5
883,4
1198,4
806,2
1127,7
1144,2
1886,10
1075,4
1098,8
1075,5
1610,6
2259,6
920,6
5636,5
1581,8
6127,4
1146,5
923,5
863,5
1126,5
1049,4
763,3
1391,3
764,1
470,1
843,4
833,3
1882,5
1930,5
5291,5
2163,7
1591,6
1048,6
911,4
994,6
990,7
1039,6
1286,8
1688,9
1278,8
1708,8
4625,9
5652,12
1657,8
5177,9
4575,5
1260,8
4290,9
1334,8
1247,8
4956,9
1741,10
4419,7
1536,8
1240,8
3657,7
1829,7
995,5
1304,7
1632,5
1006,5
1081,4
874,4
806,2
1329,7
992,2
3636,10
1044,4
1100,8
5412,5
1607,6
2354,6
945,6
5514,5
1869,8
2182,4
1223,5
1286,5
823,5
795,5
752,4
973,3
1538,3
719,1
446,1
694,4
1024,3
1654,5
1517,5
6411,5
2189,7
2550,6
1147,6
874,4
1149,6
989,7
1037,6
1239,8
1520,9
1271,8
4755,8
1732,9
8494,12
1461,8
1281,9
7780,5
2227,8
4100,9
1653,8
1262,8
4286,9
2053,10
4132,7
1491,8
1297,8
7530,7
3596,7
1289,5
1078,7
1561,5
3907,5
836,4
1002,4
874,2
1318,7
829,2
1516,10
1171,4
1132,8
1013,5
1834,6
2255,6
1152,6
8757,5
1787,8
2215,4
880,5
1218,5
826,5
952,5
763,4
915,3
1649,3
736,1
461,1
733,4
895,3
1885,5
1785,5
3252,5
3361,7
1754,6
1245,6
1072,4
1148,6
3865,7
1065,6
1269,8
4230,9
1762,8
1672,8
2472,9
8141,12
2028,8
1571,9
7721,5
1239,8
7196,9
5020,8
1243,8
1931,9
1716,10
4040,7
1305,8
1416,8
4381,7
2116,7
991,5
1079,7
1545,5
1279,5
846,4
863,4
4645,2
1763,7
1029,2
1671,10
1149,4
1113,8
997,5
1632,6
2295,6
949,6
5607,5
1756,8
2244,4
1156,5
3217,5
821,5
843,5
792,4
854,3
1764,3
5865,1
446,1
875,4
811,3
5437,5
1617,5
2637,5
2480,7
1630,6
1011,6
882,4
1195,6
995,7
1044,6
1282,8
1572,9
1278,8
1898,8
1751,9
5241,12
1683,8
1407,9
4515,5
1389,8
4410,9
1666,8
1288,8
1768,9
3569,10
3949,7
1305,8
4196,8
7313,7
2380,7
1075,5
1103,7
1547,5
937,5
825,4
856,4
4131,2
1217,7
832,2
1425,10
978,4
1079,8
1066,5
1659,6
2288,6
956,6
5499,5
1631,8
2205,4
2747,5
3985,5
843,5
1192,5
1014,4
838,3
1630,3
981,1
487,1
5291,4
19354,3
9693,5
49369,6
7826,7
6827,5
2441,8
10518,8
5943,6
8062,6
2557,10
5855,5
8079,12
19610,7
19425,11
2303,5
9364,15
6919,8
2397,11
2363,5
8553,13
3130,11
8232,11
5923,9
15422,14
15568,12
14871,14
13259,13
6256,16
14007,8
5280,14
3815,10
3531,14
6125,12
3755,14
3948,13
6287,12
2553,11
3307,9
6563,13
3034,10
4039,12
3345,12
3205,14
3160,9
7638,14
2933,10
2211,10
2110,10
2439,8
71962,9
10149,8
3259,8
6167,5
1969,6
1893,5
2401,3
1698,3
1977,2
2170,1
17837,4
18012,3
10233,5
47029,6
9173,5
1901,5
2350,7
2257,8
2881,9
3001,10
1715,9
5978,10
31916,10
5451,11
1220,6
1476,10
5513,10
9046,16
2719,10
1684,14
1793,8
1628,12
1852,10
5777,12
4575,10
2360,14
1771,8
5186,13
2241,9
4717,16
2682,8
1375,13
15678,9
4624,17
2098,11
8998,14
6102,10
1897,12
1847,14
2577,11
1677,12
3867,13
1628,8
2243,13
5180,8
1545,12
924,6
1113,11
1032,6
1023,10
4520,5
1078,9
2060,5
651,6
1777,5
631,5
799,3
623,3
595,2
5086,4
8983,3
663,5
536,3
733,6
3512,6
632,5
596,3
5535,7
22747,10
2525,8
2069,6
2570,5
32818,9
3888,5
13108,12
941,6
2980,7
1079,9
1264,2
1048,5
732,4
865,7
1442,6
1692,9
3079,14
4356,11
1900,14
7546,10
2109,14
2549,14
1786,13
1851,10
2512,14
5017,8
1298,14
1033,5
1746,12
5841,11
2149,14
4889,9
1840,13
3387,6
2084,12
1802,6
1645,10
2245,4
8373,9
2960,2
814,7
1025,5
1354,5
5348,4
2084,5
574,4
1030,3
877,3
5155,3
429,1
489,1
7389,4
8287,3
4448,5
536,3
700,6
4412,6
1291,6
2976,4
717,6
4816,8
1294,7
1053,5
646,5
590,2
3778,7
1163,8
2411,8
1238,11
1206,8
2284,10
1410,7
939,7
1186,8
2394,11
2881,12
1414,9
1431,11
1365,9
1619,9
3192,10
4334,8
1617,11
7507,7
4258,11
1293,10
1411,10
1182,9
3288,9
1019,6
1259,11
945,7
4623,8
4766,6
2138,11
833,6
842,9
1213,5
879,9
1550,8
1559,7
2278,6
786,7
2422,7
633,5
4384,5
4272,3
525,3
747,2
614,2
449,1
4723,4
5407,3
3379,5
15771,6
4299,6
879,7
4100,6
17870,8
910,7
1183,8
1326,7
854,6
1699,5
1385,6
936,6
2033,10
2295,8
1483,9
4368,6
1652,8
1982,9
1369,8
1760,8
1289,8
11795,9
2441,16
4162,10
8209,12
3944,8
1746,12
1541,11
1404,11
4271,7
1743,12
1431,7
3029,12
1133,8
11210,8
2506,10
1351,9
6114,12
1438,10
4055,11
2136,10
1079,10
4417,6
1297,10
1066,10
918,7
909,10
993,6
1288,8
1783,4
844,5
2871,2
6716,3
515,2
430,1
4645,1
4439,4
9082,3
6276,5
2097,4
5121,7
1680,6
10762,5
896,6
1487,5
2291,9
1020,9
2287,7
8166,10
4225,9
2210,9
1414,6
1746,11
739,3
1081,11
1471,10
4073,10
1727,10
3496,13
4765,7
5726,11
6540,7
1303,12
5035,8
1405,12
1335,7
1418,14
4458,10
1830,15
2103,9
5489,15
7950,10
2056,13
1564,11
1634,10
1364,11
1455,10
5233,9
1124,10
2166,8
2631,10
4365,7
2810,11
1451,7
1320,9
1700,6
896,7
2336,4
632,5
556,3
525,3
764,3
519,4
485,2
562,2
464,1
4698,4
5151,3
1325,4
8547,6
570,5
607,4
16429,5
930,8
1069,5
1540,8
830,5
954,10
906,6
1117,10
977,6
782,5
11717,5
912,9
4466,7
2954,12
1127,6
1024,9
1885,9
1620,9
2389,10
1032,8
1547,10
6451,9
7931,9
1123,9
818,4
1176,11
5900,5
2422,10
2109,10
903,7
1171,6
1788,14
3306,6
1403,10
6944,5
1521,14
4114,10
1895,13
1189,7
1137,10
1555,8
2582,8
3345,6
4484,7
1357,5
3282,7
695,6
620,5
665,5
521,4
882,3
629,3
437,2
456,1
5429,4
9070,3
3362,4
12256,5
682,4
1983,3
9480,5
16177,6
6819,5
4989,4
10108,8
8147,5
1723,10
1931,8
32883,7
1233,10
1664,12
4413,7
1536,7
1343,12
879,6
1339,4
4245,8
1030,8
1299,10
12234,5
1043,6
2796,5
1193,8
1430,8
5790,10
1154,9
2904,10
3505,7
5027,8
2025,13
4003,14
2769,11
1575,13
5039,9
3465,12
4300,5
1177,11
9650,3
4794,13
4557,3
851,12
786,4
751,9
14089,3
695,7
681,3
670,8
2328,3
726,6
1396,4
826,4
523,3
547,2
507,1
5446,4
8726,3
3510,4
12365,5
639,6
5624,5
1725,5
646,5
5914,6
658,4
2615,9
2622,11
1060,8
6493,6
1088,8
1999,8
1996,10
1204,8
1500,10
1452,10
1814,9
5190,9
2479,12
4147,11
1973,10
1696,11
2563,11
13716,14
1757,10
2750,14
2621,16
2718,11
1860,12
4650,7
1769,13
935,5
1973,15
1104,5
1188,10
2911,8
1828,9
1064,7
1424,11
876,5
893,11
852,5
1009,10
2769,5
930,9
2779,5
1108,6
4095,8
5845,5
634,5
1131,6
747,3
1000,4
775,3
506,2
5072,4
8463,3
8098,4
2109,6
6048,4
10406,4
3996,6
4919,5
5198,10
2570,9
3470,10
3084,9
2606,8
3617,9
2191,8
5947,8
4373,8
6465,7
3237,10
5483,11
3290,10
2759,11
3212,9
2449,9
9440,7
2461,9
2144,5
2091,8
2211,7
2206,6
7544,10
3517,15
2960,8
13516,16
5378,7
5540,16
3753,10
6876,14
14352,9
3967,13
2409,6
2331,11
2768,7
4949,12
5961,7
3081,8
9109,6
5712,7
1984,7
3696,9
1980,5
2106,7
5409,7
1982,5
5214,5
1737,5
2241,2
1876,3
4930,2
4104,1
16150,4
1905,3
13733,4
6095,5
34457,4
20862,4
2409,10
4977,3
4105,8
3118,8
3210,9
5363,9
3337,8
14092,13
3711,12
5288,13
4024,12
7548,9
4171,14
3064,13
6680,10
3139,14
2384,12
2566,13
2170,11
5895,14
2704,10
2327,15
2177,12
5339,14
5519,12
1895,10
2015,15
6144,11
2455,15
4467,4
1956,13
2040,6
1514,14
1625,7
1324,16
1050,6
1643,13
1620,7
1466,13
1161,8
3237,9
986,8
946,7
1466,6
787,5
963,5
585,4
884,4
545,2
569,4
740,4
513,2
542,2
465,1
4758,4
779,3
8395,4
4727,5
12723,4
1066,4
1436,10
5795,3
4776,8
1655,10
1090,6
1512,13
3109,6
1141,9
8965,9
10603,13
2256,13
4590,14
2742,14
3214,17
1868,10
7090,15
4679,10
1995,10
1429,10
5787,9
1514,9
1533,10
6142,8
3458,12
2106,9
1968,13
2680,12
1901,12
5656,11
1854,11
4298,10
5487,13
2578,11
3341,10
2457,9
4864,11
2193,9
2663,8
1693,8
6162,6
850,8
4932,6
866,7
736,5
751,6
680,5
1507,5
631,5
535,3
551,3
507,2
644,2
605,2
537,1
4724,4
647,3
4552,4
2195,5
9098,4
3383,7
2333,7
1439,4
1098,7
2615,7
5560,7
2940,11
1577,9
1785,11
2502,11
1335,8
1495,10
6050,11
5316,7
2822,12
1645,10
2549,12
2641,14
2071,9
2831,14
3587,15
2034,10
2291,11
2941,13
7090,14
3117,16
6328,13
2677,17
4613,10
7899,16
5791,14
9139,14
1803,11
1777,11
2156,14
1795,12
1820,13
1996,11
1736,12
3769,11
1814,11
2377,9
1028,8
841,6
921,8
841,5
1191,8
746,5
1017,6
1915,4
641,5
944,4
788,3
498,2
528,1
4776,4
2403,3
2195,4
5739,6
4221,4
2892,4
1651,6
4696,5
1275,10
1754,9
1360,10
1439,9
1523,8
1921,9
1353,8
3406,8
1984,8
5905,9
1345,11
1262,7
3730,6
2023,10
1706,7
1984,12
2470,7
1127,12
2885,6
5167,11
3666,11
2482,11
2824,9
1366,9
8539,9
4783,9
4205,6
2075,9
1206,7
3561,8
1809,10
4009,9
1992,9
2132,9
2801,9
4703,7
1054,7
2238,8
1639,5
922,7
5003,7
1466,7
4880,5
1106,7
1615,3
740,5
538,2
600,4
4123,3
530,3
1371,2
5743,4
810,3
3579,4
739,5
13044,4
859,7
798,5
827,6
2901,6
2191,12
5420,7
1613,7
3009,6
2559,13
1463,6
3206,14
916,5
777,6
1441,8
1052,6
1459,7
2375,11
3405,10
2380,9
2642,6
4726,9
8596,12
1804,11
1504,11
1085,7
1262,9
1603,11
1054,7
3989,10
1640,10
1502,8
1629,7
1464,10
2072,10
1586,11
1531,8
1416,10
1274,9
1388,10
1195,9
1219,9
1115,9
1423,11
1010,9
2423,9
1310,5
903,7
2656,6
877,5
653,5
572,3
947,4
535,2
552,2
6682,4
2176,3
14904,4
2544,5
2158,4
4879,3
13924,5
3577,7
2092,5
9574,6
7448,7
6382,7
10612,6
11260,7
2863,10
1979,6
1860,4
6156,7
3935,12
3061,11
3544,13
4339,12
4375,14
3270,11
6767,15
4302,12
7318,16
5823,9
4439,15
21121,8
3130,13
4964,7
6554,10
11920,7
2455,9
12280,7
10537,10
2556,6
2247,11
4034,6
4967,8
5356,10
2741,9
3957,7
5184,9
6066,7
2362,10
9561,5
2497,9
1983,3
2332,8
3378,5
5260,6
2689,3
2591,5
1979,4
2221,3
1681,2
1657,1
1462,1
17509,4
4014,3
16570,4
2054,5
1887,4
7881,3
6388,5
3915,7
1812,5
5659,6
2768,7
2407,4
2016,5
6243,7
5462,9
7651,11
2655,7
2829,9
6864,11
2682,9
2339,9
3454,12
2748,9
3853,7
4001,15
3826,9
3939,16
2389,5
1951,16
1212,4
1264,16
13679,5
2007,16
5870,11
2248,13
5342,13
4564,8
7927,11
1360,10
1800,12
1002,8
1271,7
879,8
1166,6
1295,6
8907,7
5431,9
4061,4
866,7
1138,2
1030,6
853,4
604,4
802,3
1545,5
960,4
589,3
835,2
866,2
4548,4
823,3
2627,4
4948,5
1335,4
933,3
514,3
7769,3
974,8
7382,5
899,7
4538,4
991,10
5200,4
6537,10
5380,6
1240,11
3029,6
4583,6
1338,7
2828,9
6681,8
2403,9
1126,5
986,9
7466,4
1133,9
4524,7
4779,11
11418,7
2581,13
3998,7
1252,10
1884,9
1606,9
2884,10
957,6
4169,9
1481,5
1406,12
940,5
2048,12
1206,9
1478,10
1302,5
1354,10
2643,5
1217,8
1947,7
1267,5
799,6
1015,6
2212,5
1586,6
1027,5
2110,5
743,3
775,2
1080,2
4558,4
884,3
8624,4
1342,5
623,4
775,3
3561,6
1069,6
7642,5
1110,7
1005,5
1153,8
3066,5
5466,8
5478,7
7132,7
4854,11
1107,5
1777,8
1058,4
1057,8
3577,6
6861,9
6375,10
2556,9
9048,12
4238,10
3083,10
1975,15
2154,9
1959,11
2916,11
1431,9
2757,10
1960,12
2012,9
1942,15
4113,10
1388,10
4828,11
2633,11
1710,9
1499,12
1706,8
1456,10
1486,9
1418,11
1364,5
1221,9
3985,6
582,4
882,5
558,4
2461,3
508,5
2317,2
874,4
1344,1
701,2
428,1
8185,4
919,3
4559,4
1319,5
619,4
797,3
7583,6
3936,6
3001,5
1129,7
887,5
1147,8
3199,5
8472,8
1295,7
971,5
1231,9
3083,3
1509,6
873,4
1271,7
1229,7
2090,11
5091,12
1619,8
2079,12
1626,8
1877,11
2415,10
6132,16
4408,12
2769,15
5348,12
3520,15
2106,12
3174,11
2076,11
2013,12
4036,10
5308,13
1342,8
3133,13
1555,11
4495,11
1754,9
1997,14
1629,10
3086,12
5216,10
3493,10
2582,6
2390,8
2351,6
1872,6
1093,5
921,4
967,3
995,3
494,2
450,1
4512,4
871,3
1168,5
1279,3
1916,5
1158,6
3504,5
4756,5
1630,10
7830,3
1095,8
3796,6
1189,8
3325,9
990,6
1710,11
3484,6
1590,9
1454,8
3538,15
1855,10
8700,12
7580,10
2486,9
1851,13
1856,9
1739,11
1783,9
2270,14
5762,12
2180,14
1736,8
5398,12
2061,7
2126,10
1425,7
2642,14
1928,9
2167,10
1245,5
1026,11
8735,3
1326,8
1466,5
2131,9
1210,6
1359,8
830,3
900,7
3058,4
2252,5
2548,6
1517,6
1472,4
639,4
1442,3
5580,3
788,3
455,1
536,1
4634,4
1172,3
8305,4
1020,5
629,4
1400,3
9012,5
1228,4
927,7
943,5
683,5
1112,6
1336,7
4199,7
1235,7
1428,6
1669,10
1237,7
2545,7
6904,7
2200,7
1344,7
1545,11
2185,10
4101,11
1277,8
1021,8
1606,9
4121,9
4707,12
1715,9
1950,12
1458,10
2154,9
1147,8
1604,12
1861,8
2230,13
1285,8
5258,12
4779,7
2674,13
2694,8
1489,11
2450,6
2000,10
2504,5
1160,8
2945,3
2504,8
2596,6
2089,8
547,3
813,4
518,2
6259,3
655,4
1126,2
605,2
528,1
4603,4
861,3
746,5
791,3
2221,6
888,3
860,6
4551,4
1050,10
1300,7
1704,11
969,4
1602,11
1985,10
1579,11
5561,9
1325,11
1365,8
8018,5
1570,8
1413,11
2069,6
1472,10
8993,6
1475,10
2422,8
1164,10
4343,8
1343,10
1351,7
2197,11
1557,9
1410,9
3263,7
1012,8
3581,9
7258,9
3992,12
4800,6
3196,10
827,4
1490,12
6693,8
1404,9
4120,9
4148,10
861,7
1341,8
746,7
3529,3
1051,7
840,2
619,6
3409,2
579,4
2659,1
527,4
732,2
526,2
4639,4
844,3
3679,4
1088,5
768,4
3279,3
7096,5
4836,7
1055,9
4693,5
795,6
1063,6
920,6
1237,6
986,8
908,4
5918,4
5009,14
1455,7
3487,7
4329,9
8434,9
2122,12
2609,13
1452,9
2323,13
3652,12
1952,10
2433,14
1736,9
1806,15
2025,11
2634,13
2262,12
1942,11
3019,11
2337,15
2856,12
2838,13
1417,7
1311,11
5526,8
7261,10
2089,10
1964,12
4097,6
1200,11
8224,5
1215,10
1316,6
772,9
995,5
1042,8
1623,4
615,6
6432,3
563,4
767,2
526,2
446,1
8478,4
858,3
5567,4
905,6
1030,8
4916,4
636,3
1029,3
2688,4
1499,6
760,4
1764,9
1152,8
1313,8
1031,8
2993,7
1791,4
1549,6
925,6
1643,10
2525,3
1027,7
739,5
1100,7
994,7
2474,9
6517,6
1127,8
635,4
1316,9
1077,10
4248,6
1861,9
1177,6
1120,11
4115,6
4057,9
1292,6
4070,7
1556,8
2404,5
2069,7
1186,5
1447,9
801,5
4842,7
3299,7
1178,7
1103,6
1071,7
674,5
935,6
582,6
5770,3
547,5
5631,2
494,4
1364,1
976,2
4152,4
2053,3
8977,4
5952,5
1546,4
6556,3
35357,5
4303,6
4085,5
8827,5
21179,6
9194,7
8461,4
2248,5
6556,9
3552,11
3609,11
4231,7
4731,9
2391,4
70788,7
5643,9
58223,5
2558,8
11747,8
3816,9
2478,8
4740,8
5289,10
9578,6
2009,6
4550,6
4430,4
5350,7
2715,9
8659,8
15873,9
16534,7
2810,11
6906,9
2428,7
5500,11
2451,8
5241,8
6004,9
4064,7
2143,7
2557,11
2363,6
3964,10
16843,3
2597,8
5385,3
2262,6
2107,4
3946,4
2499,3
1750,3
1792,2
1660,1
15484,4
5004,3
12312,4
2496,5
2550,4
2880,3
31759,5
2992,5
3381,7
4366,5
44133,5
8886,6
2238,6
3428,10
66537,6
4141,8
1931,6
2481,8
3802,9
2480,8
2186,7
3224,8
5321,9
2836,5
2980,11
3043,7
5291,9
17460,8
2713,9
2733,5
2304,7
2651,8
7075,7
2669,6
11338,9
3651,8
2864,11
4866,8
1114,10
1623,9
1344,11
4802,8
2732,9
1401,9
1126,8
1541,8
1388,10
1120,6
1110,9
949,5
1218,6
1165,6
738,4
1546,5
491,2
1444,4
472,2
6085,3
538,1
471,1
5335,4
1072,3
11979,5
1822,5
1077,5
4703,5
1017,5
1023,4
22275,6
1486,9
1229,7
1147,5
6317,6
1477,8
1492,6
1353,7
821,4
1119,4
799,4
1345,6
1451,9
5786,9
16973,11
2322,9
4342,8
2273,10
2998,10
2310,10
2015,13
2130,10
1735,12
2731,8
11193,10
2534,8
1463,9
1684,10
1042,7
3514,9
15458,6
1196,6
888,7
5586,7
1582,5
1065,6
893,7
1831,6
765,8
904,4
1113,7
2262,5
646,4
751,3
8811,2
1434,5
512,3
741,3
834,1
824,2
418,1
461,1
4689,4
1178,3
5920,4
1014,5
607,4
780,3
15671,6
1153,6
2384,6
3016,5
1093,8
2780,3
29764,6
8028,8
1721,10
5200,10
1975,11
3560,10
1356,11
2443,6
1390,10
1938,8
1441,10
3004,10
2424,12
5163,15
2625,13
3023,14
1591,12
2492,12
2292,15
2218,8
6785,15
1799,10
1398,11
9144,9
1376,11
1601,10
1130,9
1466,8
958,10
5847,5
1279,8
1487,7
984,9
1292,7
793,6
3021,5
970,7
1188,7
5067,7
797,3
630,7
2218,3
946,5
737,2
494,3
872,3
454,2
483,1
4554,4
1441,3
3317,4
908,5
630,4
1097,3
16771,6
1748,5
737,6
1016,6
20336,5
1304,7
1330,10
1025,5
7439,7
1424,9
881,5
1952,11
5400,9
3828,14
32205,10
9352,14
7726,13
8580,15
2863,12
13065,11
8185,12
7706,13
6962,10
1790,10
4330,10
5474,11
2503,8
2287,12
5304,12
3341,10
3749,10
1679,7
4181,9
1465,7
949,5
2198,11
3499,5
1839,8
6430,8
1812,11
1424,8
1707,9
810,6
1537,9
939,4
1035,7
628,5
901,5
547,4
793,3
909,4
727,3
701,2
451,1
4883,4
961,3
2963,4
1120,5
561,4
2404,3
10210,5
1028,4
4961,7
927,5
17664,5
1558,8
834,5
1578,7
2829,12
6269,10
1584,10
1468,7
15378,10
3034,12
6467,11
2930,14
4291,11
3647,10
25734,14
1971,10
2284,12
2156,10
1742,12
1783,9
1936,13
3091,9
2222,14
2891,12
1536,14
10368,8
2908,14
8142,9
1459,11
3829,10
1041,8
1537,11
2000,10
1515,11
1303,7
1728,9
882,7
1207,8
28613,6
1283,8
8423,6
985,6
765,6
858,4
7487,5
4045,5
566,4
1227,3
481,1
485,1
5790,4
896,3
7864,5
1574,5
19901,5
1160,7
859,7
2343,5
656,6
844,3
19685,7
1620,6
663,3
1201,4
4257,7
1935,11
2274,9
3031,6
775,7
918,3
626,6
7186,3
676,5
1046,5
920,8
1569,7
1639,10
2470,13
4019,6
2288,11
1586,11
1370,9
1489,11
2533,11
1026,7
2074,11
2759,10
2030,13
2883,8
2200,11
12341,8
1217,8
2937,5
1548,9
1762,6
1676,10
3229,7
1748,10
6765,7
7252,9
27722,6
1835,9
810,6
974,7
4895,4
859,5
1635,4
862,3
469,2
650,1
5495,4
798,3
3007,4
1244,5
576,4
949,3
16351,6
3418,6
800,7
1042,6
6273,6
1181,7
924,7
4709,7
17059,9
2096,14
1334,8
1557,7
1454,7
2697,8
1051,7
1978,11
1180,8
2599,8
3863,7
1607,9
1400,10
1712,9
1412,10
4655,6
3317,10
2055,5
1466,10
1807,9
1430,12
2129,9
2124,12
2294,7
1306,10
4267,7
1219,8
1254,6
1145,10
4712,7
1141,9
1918,11
1112,7
1127,6
1294,8
1012,5
730,9
811,3
557,5
4206,5
952,4
1381,4
583,3
807,2
914,2
8390,4
3765,3
6583,4
1011,6
833,8
816,4
3381,6
1373,8
4741,5
1180,5
3273,5
1384,10
3768,6
2113,13
1351,9
2624,12
5849,10
3372,12
2359,8
2156,11
2304,13
11017,13
4948,12
10777,10
4802,10
2562,10
5305,13
5579,8
19161,9
4790,9
1492,10
2515,10
1337,10
1419,9
12114,7
7044,9
2543,7
1433,7
1186,10
1573,8
1623,9
1372,8
912,6
1876,7
1571,6
1376,9
821,8
1220,5
757,8
932,5
620,6
2125,5
643,4
1697,4
4151,3
754,4
541,3
1281,1
819,2
5729,4
894,3
2766,4
970,5
568,4
764,3
10931,6
1749,5
803,6
1350,6
20199,5
1440,9
1564,8
1021,3
1176,7
1003,5
20143,8
6343,11
3310,12
2003,9
5107,12
2972,12
4094,10
7556,9
1317,10
1917,9
1349,11
9049,8
2228,12
2021,10
2648,7
1649,9
1737,10
2008,7
4327,12
1986,7
1152,10
3668,6
2918,8
1508,9
900,6
2024,9
17427,7
1799,8
613,4
7290,7
941,8
793,3
611,5
842,4
959,4
872,5
1013,5
1030,6
1996,5
1081,4
490,3
687,2
515,1
569,1
5873,4
968,3
2780,5
1497,4
3839,7
4361,6
744,7
1147,5
1737,10
1339,7
1416,10
1514,7
1389,12
1542,9
10856,8
2127,12
1897,13
10028,11
8883,11
1893,10
1805,14
1876,10
2696,11
2238,10
1569,10
9646,11
1653,12
1307,8
1036,9
1366,9
1280,10
3473,9
3910,8
5650,10
1261,8
1362,7
1341,8
1561,8
972,7
1156,7
1278,9
876,4
700,8
2936,3
1024,7
5538,2
1250,1
926,3
817,5
844,3
606,4
919,5
1270,2
855,5
10305,3
1038,5
569,3
793,3
546,2
532,1
8215,4
1130,3
6829,4
1103,5
596,4
1325,3
14039,5
4755,6
1953,5
808,4
2519,7
1191,8
864,6
1195,8
3835,4
1205,5
1084,6
2419,7
1741,7
1304,8
1068,8
1600,9
2426,10
1535,8
2061,13
4244,13
6418,13
4637,11
1392,10
1969,11
2294,11
2154,9
1093,10
5838,6
1393,10
1413,9
7240,6
1400,10
8766,6
2707,12
803,4
1254,11
4396,1
1662,10
811,3
1188,8
1054,4
1678,8
844,7
2696,7
2894,4
2703,6
588,4
2494,6
1291,5
762,3
500,3
1043,3
528,2
571,1
5564,4
851,3
13333,5
936,3
13544,6
1114,7
2233,6
798,3
7121,6
4529,7
29432,6
6589,6
1379,11
4194,4
2134,9
4218,9
5031,13
2242,10
18668,13
3395,14
2902,15
2267,10
1551,12
4014,10
3952,14
2801,13
3974,14
4835,12
2666,16
3818,14
20712,16
5394,14
2007,15
3695,14
2076,14
2100,11
2029,12
2173,11
1637,14
2120,10
1619,13
11274,9
4995,13
1408,5
1667,12
1202,5
1175,11
1103,5
1050,10
1048,7
1374,8
997,7
877,6
877,6
976,3
859,5
486,3
712,2
430,1
432,1
5811,4
1008,3
7014,5
1488,4
8731,7
1116,6
27894,8
1088,6
19835,7
3541,7
1059,8
1764,9
6678,9
1949,9
18003,11
1531,8
1079,10
3511,5
2028,8
1056,4
1352,9
4231,9
1707,10
1270,7
10374,8
1473,8
944,7
3729,5
811,7
4666,8
3720,5
1256,8
11486,8
1748,6
4815,10
1905,9
1188,9
1994,10
1227,8
1596,9
1215,9
1372,8
1293,9
1447,11
1039,6
1211,8
930,7
1257,10
4414,5
1050,7
770,7
1079,8
2140,4
894,6
539,4
882,4
624,3
743,2
4131,2
510,1
10122,4
928,3
3268,4
967,5
563,4
797,3
10995,6
6660,6
798,7
1615,6
1745,6
1593,7
985,7
1192,7
15082,9
2622,14
1057,8
1730,7
1364,7
4305,10
2914,9
2761,15
2362,7
1773,10
2442,10
5382,10
40635,8
1511,9
45821,9
1475,9
12121,9
4607,10
1393,11
1940,10
3514,13
1580,8
2178,11
1619,9
1764,11
2940,12
1475,8
1341,9
2136,9
1346,6
876,8
1022,6
762,6
3703,4
926,6
1913,4
596,4
4469,3
624,5
798,4
478,2
743,4
874,1
696,2
510,1
444,1
6570,4
1000,3
3050,4
943,5
548,4
1270,3
10473,5
4942,4
624,7
3956,5
20716,5
2246,8
20438,5
1345,7
3254,5
1345,8
6240,5
1392,7
1124,10
4214,8
4774,11
1788,8
7752,13
1793,9
1966,16
10769,7
1332,13
1336,6
1275,12
1838,9
1625,10
8734,6
1909,15
1667,7
2450,18
5177,8
5152,15
1850,9
1507,11
2706,10
2435,13
1880,11
1451,12
1655,9
5094,12
1654,9
2141,9
1295,9
885,7
1516,7
1300,7
3199,6
1399,7
3364,5
2135,5
1486,3
523,3
741,2
504,2
10882,4
932,3
1349,4
939,6
1711,8
807,4
3832,3
749,3
1437,4
1291,6
25230,4
2476,10
2370,6
1890,7
732,4
1427,8
2507,9
1298,7
1048,9
1928,9
1045,8
1796,8
1387,12
1380,7
2352,4
1296,5
1212,7
861,4
26007,4
1927,13
1170,5
1587,11
1268,6
1985,12
6545,10
5431,15
14836,13
2762,13
3147,13
3452,15
2518,13
4850,11
4443,11
5443,10
1641,10
1521,11
1082,8
1162,7
2990,9
1412,10
12349,8
1758,8
1009,5
5261,7
547,4
1100,4
569,3
750,2
539,2
8615,4
918,3
3031,4
949,5
544,4
807,3
16283,6
6332,5
736,6
1018,6
20053,5
1235,7
1361,6
1096,5
4600,8
2074,8
5574,8
4550,8
2082,7
11259,10
1797,12
2022,9
2326,12
3941,12
1485,10
2089,12
1744,10
5540,9
6643,9
1619,9
2080,11
1687,10
1026,7
1616,7
1841,9
1274,6
2580,9
4014,12
6050,7
5396,10
1100,8
2520,8
874,6
2000,10
14895,5
1315,9
1123,8
1172,7
910,7
1603,8
1535,8
1217,6
1594,7
1120,4
572,5
783,3
1568,3
724,2
443,1
447,1
8528,4
951,3
2753,5
1027,6
8093,6
7195,6
16596,6
1002,5
6490,7
3819,6
4915,9
2938,10
1167,8
1254,8
31283,8
1516,6
1556,9
4378,6
816,7
3879,7
6138,6
1522,10
3504,6
2292,5
1230,8
1925,7
4194,9
2312,9
1817,12
12173,6
2020,12
4288,12
1659,11
4685,11
4850,10
2270,12
15659,12
1612,9
1119,8
1627,10
1192,10
1733,7
5046,10
1214,7
875,7
3441,8
1138,7
3522,3
3382,7
2732,5
4921,6
1084,5
1999,6
2330,3
707,5
1507,2
864,3
1963,1
990,2
5709,4
961,3
1552,4
1355,6
1646,8
1791,7
595,4
989,3
3117,2
870,5
5365,1
824,4
15367,4
2775,9
17467,4
1362,8
1185,8
1684,9
1157,7
1774,9
1499,10
1279,6
1263,10
1792,8
1565,9
1194,5
1676,9
8363,6
2452,10
1516,9
1462,7
4466,7
3321,10
1727,8
4425,12
4179,8
1568,11
1249,6
1417,10
1397,7
1434,9
2753,8
1210,6
3288,6
4306,5
1199,6
853,7
1008,6
598,5
922,6
1117,3
1089,4
534,3
823,4
566,3
1428,3
499,3
1606,1
468,2
5819,4
1025,3
2974,5
1018,6
7292,6
3017,7
1100,5
6185,5
622,5
1485,4
6866,7
5774,8
969,7
1430,10
1767,8
4244,8
4458,6
4582,14
3684,5
1470,12
1032,5
2726,13
1044,5
1879,13
1122,7
1732,12
1974,9
1583,10
1213,6
1389,8
4119,10
2001,13
4032,7
2373,12
5401,10
1633,9
3537,10
3196,6
1119,7
1601,6
1001,10
1446,6
980,9
4924,8
1378,8
1976,10
1401,9
1348,8
1151,10
1295,4
3656,10
5731,1
629,8
1526,4
950,5
1445,4
515,3
958,2
598,2
538,1
5379,4
3389,3
5751,4
1083,6
892,8
835,3
15683,5
1051,5
1736,10
880,3
900,7
1640,10
1262,8
3858,9
942,6
5214,12
905,5
5754,12
2000,9
5559,10
1471,8
4406,8
4635,11
4719,10
2750,15
5420,11
2835,14
13756,13
1687,13
2711,11
1404,11
3482,9
1639,12
2098,11
4666,11
9032,12
1750,12
1885,11
1467,10
3849,12
1110,8
1318,9
4967,8
3183,8
9301,7
1140,7
652,5
1796,7
1508,5
1538,5
2938,7
1899,6
1656,5
2282,2
671,4
2487,1
588,3
897,2
486,2
503,1
8815,4
996,3
3308,4
995,5
812,4
1973,3
13265,5
1318,6
1269,5
3038,5
5738,6
2867,7
583,5
687,2
29379,6
1872,9
1780,8
1600,11
1317,7
1539,9
11970,7
2428,11
21608,9
2907,11
14597,11
1795,10
3483,10
4644,9
4467,7
1878,7
15194,3
1197,9
977,4
2698,12
930,6
1752,11
1002,8
8555,9
1219,9
4374,9
947,7
1169,9
721,3
1909,6
673,3
1094,9
4424,3
1053,8
704,3
2024,6
648,5
1097,3
2019,4
2105,4
1278,5
6078,4
578,3
772,3
567,1
454,1
8168,4
967,3
2932,4
4574,5
636,4
865,3
14905,6
1065,6
643,5
1048,6
20430,4
1237,11
1288,6
1008,9
2900,4
1196,11
1198,5
1922,9
25869,9
8592,13
4816,12
1916,10
2198,12
4269,12
4960,11
2040,11
1286,9
2125,13
1662,10
2961,15
2334,14
4857,15
4752,10
1558,10
1613,10
6857,12
1252,10
1922,8
971,8
1559,9
829,6
3883,5
774,6
1155,7
2149,6
1461,5
852,7
6497,6
1098,6
941,5
646,7
950,5
707,7
2603,3
1115,6
887,3
6279,4
786,3
561,2
487,1
5686,4
970,3
6043,5
1015,6
4892,6
2925,7
1161,5
6166,5
617,5
1795,4
11632,7
4335,4
2654,12
11145,5
5546,12
1376,6
1168,14
1409,5
1556,12
2144,5
7726,14
2303,8
1312,14
5104,7
2351,12
1617,7
1452,15
2374,9
2249,14
10123,10
1454,11
1032,3
2154,15
10622,5
2077,17
9513,7
1126,10
1396,5
8738,12
1481,6
1536,16
1169,4
1542,15
1637,8
1476,14
6104,8
1497,11
3208,9
4324,7
1345,9
939,6
972,7
2762,6
889,5
689,6
887,4
635,4
800,2
481,2
484,1
5362,4
992,3
3670,4
985,6
801,8
898,4
481,3
752,3
6554,4
950,4
1660,5
1162,4
854,5
1173,7
1405,5
1512,4
708,5
1191,7
17085,5
1331,8
2505,8
3314,8
1319,7
2517,9
3092,5
2543,9
5117,7
2014,12
1204,6
2026,15
1169,7
4503,13
4226,4
1389,11
5435,6
1774,8
4397,7
2826,11
2871,11
8642,8
3533,10
1483,9
1389,12
1155,6
1009,10
972,5
1722,7
957,5
8179,5
783,2
2875,6
826,3
892,6
7321,1
583,6
2558,1
1295,4
5418,4
931,3
3715,4
968,5
560,4
3059,3
8961,5
970,6
13289,4
1284,8
829,5
1082,7
846,6
2687,10
7828,4
1149,7
574,4
3620,4
6495,9
1682,7
1328,11
7002,10
4388,10
2111,7
1801,13
2149,10
1819,14
10033,9
2174,12
1730,10
2377,10
4198,10
1921,11
1530,8
1426,11
2020,7
1377,11
8187,9
1343,12
1363,7
1083,11
4316,6
4656,7
1087,7
788,7
2260,7
820,6
1020,6
1466,7
1576,5
3828,5
1672,7
664,5
942,6
623,5
805,4
918,3
745,3
586,2
494,1
9549,4
921,3
3120,4
3968,5
558,4
3255,3
14774,5
2153,6
1294,5
855,4
809,7
744,2
16117,6
2587,6
780,6
1525,5
452,3
1070,3
835,9
10250,5
1063,12
1848,5
32113,10
4316,14
1779,11
2395,14
1915,9
8661,10
7209,12
2163,11
5476,12
1427,7
1144,11
8807,6
1517,10
1333,5
3048,6
5899,9
986,10
1892,8
808,7
1195,5
3016,6
4565,5
733,7
4272,5
1708,7
4280,4
702,6
971,5
609,7
1540,3
6321,4
782,2
7258,5
1207,3
492,3
994,2
841,2
5968,4
976,3
2898,4
1253,5
580,4
767,3
10906,6
6497,6
4699,7
1026,6
1736,6
1053,7
813,7
4943,7
16664,9
4041,14
2669,10
5743,13
5704,12
4506,10
1758,12
2162,12
1337,10
1978,9
1328,10
1347,7
1377,8
1458,8
1106,13
1202,6
6746,10
1841,10
1276,10
1796,12
10437,9
4790,12
2758,11
1933,10
5706,11
5249,7
1103,8
1585,10
7594,7
2744,8
981,8
4323,8
6253,6
2218,9
914,5
1096,8
750,4
1061,7
1015,7
1448,3
561,4
1044,2
1094,3
1103,2
470,2
5667,4
909,3
3387,4
1823,6
4416,8
953,6
2420,5
8259,7
1456,10
2064,9
7551,10
2335,12
1608,6
3113,8
1197,8
2561,11
6254,7
3185,8
1127,7
1355,6
10693,9
1446,9
845,6
5457,9
5113,5
1491,7
1103,10
3798,3
4989,8
1243,7
2144,7
1186,7
730,8
999,5
801,8
3817,4
3335,7
2291,4
932,5
1484,4
621,6
4581,2
1587,6
4324,3
1196,4
797,3
1552,5
802,3
683,4
814,2
1462,1
763,3
716,4
1314,4
2081,4
839,2
6057,2
1030,2
531,2
650,1
3452619,4
532013,3
62736331,4
4529605,5
1399634,4
1022887,3
2010138,4
1288839,3
1223101,4
3932456,4
967436,3
42344465,4
10915,4
31896,3
34089,4
41747,2
108116,9
85659,7
116328,10
95779,8
104887,9
121534,8
88350,9
129411,8
87692,9
108251,8
123799,9
143495,11
113411,9
75711,5
101936,8
123374,8
135956,12
196911,12
169850,11
141825,9
133235,14
67341,4
98417,8
131632,11
179995,9
172064,12
145423,9
197903,13
201785,9
135362,11
128303,7
119081,11
113134,6
102934,14
70696,3
82940,12
63159,4
72159,13
74050,4
77855,11
94394,6
42537,10
28315,5
28319,9
30197,5
64101,9
20180,4
21475,8
19258,4
21294,7
14251,4
20065,5
10120,2
5576,3
7734,1
3421,1
12297,4
11804,3
13521,4
16747,2
32890,9
37463,7
51997,10
50075,8
46912,9
53947,8
48124,10
63487,10
44599,9
59079,9
49514,9
80587,10
73894,13
88153,12
17566,2
54064,10
47377,7
47529,9
56723,9
101268,12
69279,11
123097,13
83834,12
179109,13
78242,12
139187,12
79915,14
162834,11
99577,15
124615,13
78759,12
81435,9
70292,8
80201,10
48017,7
83320,9
71966,8
69018,10
55099,8
50201,9
35683,5
34220,7
59509,8
37464,7
32780,10
35072,5
30914,9
32928,6
19785,7
23619,6
17974,6
17507,5
6594,3
8431,3
7095,2
3173,1
10712,4
15075,3
14374,4
16797,2
38840,9
42550,7
57271,10
46342,8
45530,9
50839,7
43215,10
61605,7
50289,11
57671,6
46174,12
79999,9
59654,11
65804,9
48290,10
39598,6
22407,3
36234,10
22851,3
30297,11
25369,4
35617,10
29325,4
40912,8
35282,6
32673,7
24406,4
28287,7
30759,7
37633,7
33326,6
56817,9
46615,8
81704,10
62259,11
71542,8
52034,13
64127,7
55534,13
64507,7
54779,14
49323,5
30190,10
21815,2
26586,11
16748,1
14526,9
21969,2
15495,8
16739,2
13002,6
10022,2
4449,4
8168,1
3851,2
3267,1
8307,4
16002,3
13250,4
18556,2
37583,9
36631,7
48863,10
48527,8
44825,9
59298,8
94008,10
60263,8
36562,8
40759,7
23767,4
70739,7
66551,14
39428,4
39067,12
34954,4
54066,11
41302,6
35551,8
51268,7
55172,10
69220,10
36771,6
56513,9
49605,9
73598,9
52751,9
115691,12
79633,12
115205,12
89310,16
99564,9
88193,14
90033,9
76750,12
95640,11
65100,11
62536,8
60920,9
75223,8
33553,9
53385,7
42058,10
41838,5
32408,11
39835,6
22983,6
32751,7
23200,4
23464,5
13784,5
14148,4
6925,3
10143,3
4107,2
7727,1
7775,4
15631,3
14241,4
16610,2
34466,9
38811,7
50503,10
50531,8
45421,9
59010,8
44163,9
62301,8
43186,9
48546,8
50245,9
65724,11
48384,9
38870,5
44106,8
63617,8
66094,12
96037,12
72891,11
76859,9
55437,14
30197,4
40758,8
68054,11
83473,9
81450,13
62842,8
109122,14
82971,12
104618,12
69089,10
90709,12
54899,9
62534,11
40488,6
66344,11
66057,10
75510,10
40610,7
61998,9
46562,6
56528,9
34334,6
38516,9
34776,9
42008,7
21614,7
20645,5
16977,5
15002,4
12454,3
11957,3
4369,2
4473,1
3790,2
3070,1
8795,4
14656,3
13093,4
15943,2
34554,9
37253,7
53776,10
44422,8
46780,9
62067,8
44276,9
65722,8
45341,9
57630,8
54788,9
66296,11
50678,7
62656,10
62465,11
51121,7
50419,8
69324,9
59900,9
50171,10
21468,3
56110,12
56576,8
64981,11
38962,6
55605,11
38375,6
54566,10
44350,6
72130,11
26023,5
75974,10
64449,11
98856,10
95324,12
92525,8
55757,12
77634,8
60526,12
67435,9
77693,13
79648,11
59943,11
54079,8
43251,9
39860,7
38249,9
25700,5
21049,6
17418,3
14229,5
17580,3
12816,4
6164,3
8556,2
3849,1
10028,4
33167,3
38837,4
43165,2
88734,9
78512,7
112018,10
94528,8
103493,9
116508,8
196763,10
175558,13
148791,11
142004,10
165157,10
178375,11
202980,12
181571,11
184792,11
196822,12
171959,10
149385,11
140680,9
154592,10
99935,8
127776,9
116627,8
111316,9
100739,5
90387,7
94613,9
98575,6
92474,9
93479,6
94603,11
110130,6
109815,11
101248,7
98853,10
90197,6
101615,10
64173,5
78853,9
47376,7
29800,8
30597,7
25488,6
25137,6
20466,5
18270,5
24927,5
23935,5
15711,4
16832,5
9582,4
6693,3
5704,3
4380,3
7865,1
7873,4
26446,3
31590,4
36628,2
84359,9
77657,7
113764,10
90893,8
94666,9
109237,8
80005,9
112767,8
80523,6
108749,9
110977,7
113484,13
78443,5
137520,11
93804,9
113645,9
114830,9
152559,10
123707,11
140754,9
156501,12
177808,9
111950,12
147016,8
139525,15
166424,8
124769,13
145402,8
170165,14
180156,10
162455,12
150011,12
148520,9
169411,15
114821,7
141224,11
94929,6
157224,14
53935,6
64782,11
54667,9
47246,10
38262,7
43019,8
31842,7
30494,6
33351,7
32309,8
25891,6
36965,7
13251,4
16476,5
8774,3
4923,3
1052,1
974,1
6759,4
21696,3
21215,4
25607,2
70172,9
63372,7
90142,10
74231,8
85628,9
91773,8
162216,10
116635,11
94538,10
101913,9
64539,8
68514,7
101540,9
193128,14
103471,8
113527,12
108392,10
116844,11
88718,10
126266,11
84823,9
134498,9
88986,8
102816,11
94578,8
131201,12
87741,8
135741,12
123352,7
82780,9
122559,7
65131,8
52817,6
140994,9
90692,10
108947,10
63998,7
67859,7
71302,9
79470,7
80146,9
41622,5
20582,8
21281,6
18616,6
28530,6
16540,6
18714,6
24921,7
13926,7
10016,2
6088,5
7229,3
2137,2
847,1
843,1
8862,4
29916,3
32998,4
46872,5
27006,4
32674,3
76565,5
59736,4
47518,7
46317,5
83803,5
86397,8
49149,5
114765,7
122223,12
196879,10
101743,10
114063,7
175642,10
160313,10
163776,10
174404,9
110986,11
116164,6
92908,10
100165,5
84643,8
103525,8
81669,9
83902,6
99164,6
87191,13
94989,6
110286,11
61896,5
141574,10
112929,10
101503,7
95888,8
105285,8
72957,7
94467,9
78722,9
102753,8
124107,6
72687,8
46702,5
45631,6
42421,3
34587,6
11812,3
34089,4
24334,3
34704,4
48528,5
25736,4
24230,3
24286,3
20124,3
29753,8
38087,8
11579,4
23467,5
15754,3
21538,5
38978,7
51985,10
45330,8
56815,11
59510,10
91416,11
90213,8
77153,10
44354,7
62738,8
50339,9
77663,8
70072,12
90339,11
34727,7
67706,11
31385,6
94425,11
71622,12
100059,12
46598,7
90381,12
61313,11
62019,8
29864,8
57317,7
15539,8
41016,6
17315,9
29031,4
16475,7
13347,2
15187,7
30339,4
12993,9
29569,5
18585,6
38088,7
12180,6
19688,5
9365,5
14918,5
9565,3
3380,3
898,1
914,1
8311,4
13413,3
14955,4
20364,5
11684,4
15306,3
26360,5
30541,4
33105,9
60332,8
62176,7
78994,11
37293,8
79628,7
58365,13
76088,8
62860,12
61590,7
59338,12
68832,8
50704,12
81741,9
58510,10
116016,14
56466,8
90536,10
62000,12
98293,9
85619,17
88667,8
59875,13
95900,12
79998,13
97255,12
52581,8
105054,11
66942,11
100117,14
58689,10
105876,12
57104,10
84359,10
38930,8
64835,8
30556,8
43901,6
27759,8
37558,6
20987,6
28794,6
22546,6
22625,5
13361,4
18132,6
10869,4
10866,3
2162,2
3815,3
1202,1
1237,1
8732,4
12750,3
7866,4
24547,6
26186,8
13700,3
28795,5
27728,5
30902,7
30085,4
21053,6
32424,7
18833,5
38955,6
18917,6
33121,7
16172,5
16394,5
21119,2
45297,12
28545,3
46415,9
37501,8
61661,9
56291,9
91747,11
33436,9
107139,10
26144,8
85479,8
28907,8
47584,7
32445,8
94625,8
35113,10
65601,7
48003,11
56657,8
40633,11
60411,5
38272,11
58250,7
35585,11
71046,7
36776,11
33574,5
28758,9
44170,6
23678,7
36813,5
13682,8
28211,5
13296,6
12806,3
10856,5
10755,3
5803,3
8053,3
1294,2
973,1
9173,4
13127,3
13657,4
20743,5
12417,4
16274,3
30590,5
39406,5
35194,9
55220,8
27470,6
53255,8
49481,10
42212,6
64390,14
97051,10
66417,12
118766,13
61664,11
94775,10
74700,12
119511,14
58103,11
118860,10
82774,17
118920,10
66014,15
111130,10
81729,13
110673,11
54102,12
75456,7
71608,12
138292,13
90308,13
138905,13
74777,14
108780,11
73369,11
64654,9
43177,8
51051,8
27074,7
35685,8
23810,5
34846,8
27387,7
45640,9
27637,7
31607,7
19868,6
22367,6
14122,5
16672,4
11551,5
5487,2
7956,3
4655,3
1312,2
926,1
8955,4
28419,3
57942,5
44237,4
77295,6
66966,5
62849,6
106094,6
91376,11
120438,8
97348,8
162900,8
158983,11
147579,8
16355968,4
142134,3
124101,5
169230,5
108915,4
177023,6
190768,7
306731,8
201414,8
369974,10
211670,9
271571,8
171606,6
291334,10
173788,6
334945,10
223506,8
404653,11
404878,12
405981,10
377557,13
428209,10
382932,11
390750,11
314115,8
474368,13
395450,9
411693,13
323266,8
258372,13
194482,9
341752,14
174970,9
316748,13
212693,10
381593,17
238221,11
257206,12
146383,8
207516,14
104497,5
200487,13
91001,6
121447,9
103435,8
172937,10
119556,9
144538,8
91110,9
101172,6
64072,7
83739,6
45220,5
63812,6
33558,4
39579,4
20216,2
27041,3
46358,4
50485,3
40858,5
62697,4
51175,6
105707,6
48177,6
94520,5
49403,6
75458,4
63401,6
120106,5
129072,11
257646,11
175441,11
237886,11
185262,11
233901,10
187609,11
258313,9
240366,15
295835,9
236832,15
361561,12
215177,14
310768,10
300810,17
431559,13
290378,15
422464,13
239182,13
378634,12
262241,14
340144,12
227558,12
289164,13
201307,10
374971,14
212805,12
304780,12
189672,10
260697,13
166836,9
273265,14
141304,8
193785,12
140692,8
192403,12
103585,7
151567,10
89766,9
127920,7
62607,8
66791,4
35208,6
32970,3
21406,3
20039,2
17426,2
15924,1
45537,4
49388,3
54250,5
86024,6
72676,6
145965,7
106877,9
158267,9
71384,6
118183,6
83554,7
116418,6
85858,7
228337,9
147663,12
244695,10
156726,10
285303,12
177159,11
229428,10
214891,12
436513,14
325128,13
633557,20
345604,13
506653,17
286538,13
427110,16
279631,12
566162,20
399167,15
607425,20
369179,13
567493,20
291802,11
435427,19
213946,9
332428,19
177066,7
282148,18
136360,6
194597,15
119481,6
206484,13
85449,5
146763,12
71406,5
126489,9
64356,6
69411,6
52269,6
53200,4
31714,4
41442,4
29592,3
38334,4
18335,2
21127,2
16747,1
14426,1
14964,4
43600,3
40447,4
52344,5
59739,4
99551,7
87874,4
105972,7
101639,5
149218,11
149792,6
143006,9
137414,6
165717,8
144756,5
224254,14
202899,7
227680,15
255291,8
231526,14
190781,7
262979,10
312631,13
291846,11
207541,11
209813,8
191546,11
187111,8
204588,10
156241,5
203835,12
283963,9
222451,12
258499,7
209547,16
258029,7
175873,14
139477,4
179222,15
97567,3
114070,13
87682,3
118561,12
105357,5
107554,10
145705,6
66075,7
102037,4
82867,9
88455,4
78758,9
61095,3
25625,8
16735,1
24617,6
12184,1
26363,4
12042,1
8906,2
34844,4
39859,3
44780,4
60791,6
53682,4
94406,4
74643,6
118326,5
252409,10
110563,6
155056,6
234874,9
332090,14
305793,10
235379,12
196384,7
297631,13
407410,11
388468,16
605392,14
488465,16
524066,14
285974,15
237398,18
238230,16
180996,13
180548,14
243783,19
221731,14
200967,16
132463,10
140194,16
116714,11
101433,12
127215,9
160696,14
124092,10
95218,12
83373,9
97744,11
106134,8
116988,14
104049,8
88740,12
56173,6
59014,11
60840,7
58154,10
40398,5
26364,7
25523,5
20817,5
19867,5
22411,5
9551,4
9405,3
5855,3
2639,2
2085,2
1183,1
12640,4
27370,3
22168,4
31012,6
16403,3
30338,5
32193,6
18272,3
48763,6
42044,7
32403,5
37941,5
65435,8
60783,8
82626,10
27687,4
96232,10
67762,7
92670,10
82963,9
63593,8
75728,9
58855,10
50881,6
73084,9
75733,11
67341,6
121363,11
160480,11
180162,14
155363,12
112710,13
95257,9
120232,12
106443,9
99248,11
100698,11
87920,9
78047,10
49863,6
63849,9
68177,10
74828,8
50989,9
39429,6
41134,8
52468,7
46159,9
37053,6
37106,6
23008,6
28023,5
19130,5
16542,4
11407,5
5081,2
2389,3
6127,1
1411,2
13660,4
17601,3
20515,4
25966,5
27248,4
37500,4
72232,10
22827,3
69887,8
67613,8
73358,7
98061,10
95843,7
118590,9
122854,12
103514,9
101201,10
179514,14
147253,13
139138,12
143069,12
134105,11
110349,10
107095,10
120589,11
135809,11
116930,11
114722,11
130539,11
121427,15
94170,7
114628,11
110281,12
96275,8
94328,12
66434,6
92513,12
114073,9
96101,14
115295,10
82957,9
100461,10
98991,10
103924,9
94233,14
71571,7
72676,11
42224,5
42828,10
36791,5
35118,10
37301,5
24466,7
20617,4
15730,5
10872,3
10511,3
5209,3
6200,2
1654,1
12277,4
32446,3
32357,4
43089,5
49183,4
71955,7
57223,4
72658,7
73605,5
102810,11
79686,5
63965,6
100595,5
94937,7
129174,9
120062,8
146961,10
161874,10
178130,10
171633,11
149773,11
162985,9
214296,13
170928,8
207366,16
185679,9
137263,15
83044,4
55593,10
78356,4
126661,14
164735,7
115470,13
173037,8
173159,13
216241,9
133087,14
166266,9
84560,10
130981,7
158227,14
193164,9
100911,12
111663,6
111751,13
68374,4
63455,11
55767,4
82131,9
70021,6
69558,9
43932,3
39016,6
43197,5
24319,5
14700,3
14159,3
8100,2
5966,2
8380,1
12247,4
31946,3
36222,4
55240,6
45222,4
54644,4
46554,6
60366,5
132759,10
109466,8
76534,6
124585,8
100366,6
151667,11
84384,4
221162,13
254303,13
198249,10
197090,11
229033,12
387761,16
354072,16
367681,17
371298,17
393791,15
474482,20
432207,15
447933,19
329319,11
368796,18
290950,13
320555,16
270599,13
218403,12
207242,11
211427,12
206106,10
232862,13
240072,15
217869,9
205447,17
177472,8
157714,15
138558,6
105655,13
129912,7
92448,11
112078,7
93906,11
85670,7
66260,8
61211,6
38823,5
44625,6
33202,6
26273,4
17657,4
11016,2
9378,2
4536,1
5143839,4
2491832,4
1234688,3
1045345,4
1816036,6
617455,4
621584,4
573398,6
437129,5
444881,10
473273,8
594238,6
10144545,4
6092385,3
22565223,4
12849,4
34954,3
38597,4
47303,5
39624,4
71331,7
59025,4
83165,7
98002,8
94187,8
91709,6
91429,7
127622,8
56325,6
65894,5
84358,6
109212,8
51908,3
102458,8
86403,7
158138,9
167232,10
181846,9
109687,7
88711,7
156844,10
139053,7
177952,10
210804,12
226543,12
223708,12
232204,10
201904,10
192819,11
131579,10
193044,9
237870,15
222613,9
225391,14
203439,10
180068,11
183712,9
141818,11
136373,9
128820,8
179312,10
98816,7
76915,9
61714,5
61827,7
67102,5
69128,8
68856,6
51240,7
37276,4
25916,5
22090,3
14645,4
39141,3
37709,4
55826,5
42968,4
59105,4
131087,9
76040,5
149263,9
126203,9
119483,6
163642,12
168772,7
181036,8
183019,12
250044,12
223574,11
233490,13
174245,9
266983,12
185284,11
254388,11
190672,10
226609,9
262870,11
244515,10
222261,12
282867,11
247205,15
296613,11
263877,11
411069,14
319095,14
385306,15
315504,14
295644,12
284404,13
283021,13
182424,11
214495,10
199843,13
209988,9
185601,12
132743,8
140186,8
116983,9
88746,7
53410,6
57018,6
67385,5
63626,9
56311,5
46640,7
23949,2
18741,5
19939,2
13937,3
13198,2
8934,1
5045,1
15792,4
38094,3
46637,4
62747,6
56800,4
69320,4
133239,10
44298,3
120384,8
117935,8
136195,8
143531,9
196981,11
193291,10
218513,9
283191,12
129902,5
327802,13
268129,14
362468,15
273810,10
398701,16
338721,14
304549,12
361800,17
298442,12
228236,10
323762,16
351982,13
393704,17
345311,13
329458,14
283476,11
285099,12
317615,14
247090,11
262295,14
223757,9
182037,13
128845,9
158077,9
154922,9
163274,11
155582,11
146447,8
130841,10
87802,6
60374,7
49726,5
45248,5
36591,4
28568,4
27350,3
28350,4
25582,4
27900,4
18557,3
11278,3
9132,1
6714,1
32065,4
36563,3
42866,4
59098,5
53396,4
74170,7
62964,5
103645,7
119539,7
80639,7
94795,10
49564,6
29680,4
62610,6
95269,12
76005,7
135525,15
80451,8
63452,10
79284,6
79216,11
87801,7
128149,13
103968,8
92804,10
97567,8
133869,13
94955,8
136490,13
126366,9
128935,14
108294,9
68307,9
80301,10
116671,10
111657,11
115069,12
124477,11
109393,11
98580,9
108350,13
73918,7
77811,9
61762,8
62860,8
75060,11
62942,9
58734,9
64222,9
44552,8
46098,6
42018,8
26079,4
25151,7
15939,4
13725,4
13331,4
5232,3
2385,2
5300,1
15458,4
19726,3
23936,4
27270,6
29442,4
38192,4
74440,10
24910,3
71292,8
64136,8
62583,8
79614,9
107699,11
105316,10
119061,9
167040,12
72196,5
186703,13
150064,14
206152,15
149399,10
225076,16
197160,14
171165,12
195326,17
161900,12
126755,10
192764,16
194736,13
175726,15
109710,8
142912,13
151757,12
189621,13
161626,15
180611,13
141807,11
153470,13
123206,14
137046,10
121461,12
96079,8
63156,12
69520,8
82257,10
73972,9
63284,8
67795,8
47741,10
47666,8
49583,8
34268,5
20199,7
4517,1
15199,5
14539,4
8038,3
7784,3
5796,2
1247,1
14785,4
18212,3
22551,4
32056,6
29735,4
37495,4
74720,10
25306,3
73181,8
68964,8
80165,8
81706,9
115386,11
111014,10
122264,9
160899,12
72102,5
183287,13
159549,14
212865,15
160360,10
226093,16
194201,14
169196,12
198845,17
167669,12
138485,10
195973,16
195287,13
225797,17
190888,13
186927,14
156058,11
162361,12
183722,14
138925,11
148371,14
108378,9
106434,13
74860,9
83934,9
76616,9
95656,11
95833,11
76990,8
71049,10
52101,6
32739,7
28433,5
26800,5
15559,4
24997,5
21242,5
13457,3
12362,4
10104,2
2544,2
1741,1
1655,1
980,1
13561,4
17928,3
23027,4
31281,6
26523,4
34945,4
76857,10
23769,3
65100,8
63710,8
70756,8
91788,9
112056,11
106764,10
117182,9
159673,12
76592,5
184903,13
159455,14
206922,15
150024,10
224982,16
188145,14
168967,12
203110,17
164023,12
130209,10
198203,16
197708,13
176116,15
104861,8
184124,13
181972,14
173337,13
147694,11
146060,15
127028,11
133707,12
94344,11
97345,8
119213,13
97170,9
77855,9
62488,7
52051,13
66531,6
58477,13
24932,2
43751,11
28187,3
33064,8
25010,4
30275,7
25528,5
24209,5
25719,4
70119,3
63394,4
142761,5
148349,4
203130,7
152251,4
287923,7
323025,7
294772,8
547890,9
268215,6
510629,8
517167,10
563851,10
421871,7
720034,11
481064,8
720598,13
593593,8
813963,13
861762,12
940895,12
1055921,13
1045406,11
937170,16
876332,10
775188,16
918501,9
815246,18
748525,9
842304,18
653216,8
814869,16
669693,10
622554,11
823133,13
677301,11
509119,9
453718,8
573701,12
358570,7
365588,14
322720,9
368283,8
302475,8
356967,12
305384,6
279040,10
173733,5
201509,8
144536,4
178214,7
138006,4
112518,6
81819,3
29804,3
31393,4
64306,3
71794,4
150490,6
151360,4
212179,4
265464,6
151871,5
362548,10
401988,8
254033,6
355276,8
311460,6
537502,11
263891,4
751179,13
795816,13
473237,10
1230429,11
551085,12
1267019,16
1051610,16
1317991,17
1213782,17
1250705,15
1510570,20
1238754,15
1310186,17
1089427,13
1033308,18
1013615,11
984292,16
690019,8
747066,17
650444,8
845129,15
717481,12
782622,12
809749,14
606437,10
548616,11
686762,11
703258,11
374614,10
376988,7
416186,10
468523,10
359296,9
341229,9
154035,7
148100,5
146075,7
130373,5
140057,5
104274,4
95239,4
85771,4
39893,2
22104,4
61684,3
92448,4
121770,5
96932,4
139589,4
362422,10
324449,7
322547,7
301912,7
353110,6
445228,10
4458288,4
81919,3
103756,4
112321,6
135433,4
211300,4
252664,10
97808,3
366387,8
368390,8
333713,8
441217,9
390217,11
589323,10
489409,9
740868,12
315925,5
1152809,13
43031,4
89360,3
79592,4
164617,6
162434,5
117860,4
182797,5
175576,7
293998,6
317151,9
457845,9
499421,9
26196,4
72292,3
78591,4
91315,5
100578,5
183300,5
326569,7
275728,8
236892,6
90010,2
201934,6
443771,10
477501,10
474912,9
650354,8
588050,16
621197,9
683839,13
758111,12
618336,12
1084899,14
1187323,17
902818,13
801742,14
330160,6
711555,11
396755,7
437521,8
480020,13
50465,4
86825,3
145336,4
187692,5
139807,4
106519,3
76365,3
134121,3
284169,8
268100,6
263004,7
335880,7
227223,5
343553,8
315991,8
155327,5
229247,5
274497,7
330712,8
411431,7
589076,12
695763,13
733014,12
1006735,15
751321,11
904840,13
996968,13
1099059,15
952343,14
37494,4
125499,3
158732,5
139872,3
182656,5
39573522,4
97164,3
108972,5
139040,3
177096,5
45195,4
188096,3
106320,5
123120,3
199893,5
86395,4
116760,3
116194,4
139937,5
139520,4
152644,3
82901,3
131278,3
259677,8
223939,6
303707,7
304294,7
269202,5
386389,8
326455,8
174525,5
185593,5
239605,7
354640,8
336450,7
653926,12
661396,13
694509,12
926144,15
772047,11
819526,13
1020402,13
967970,15
921696,14
805241,12
800236,13
844099,12
710246,12
574359,9
698072,12
613890,11
584288,10
441995,8
440410,10
262948,7
402455,10
622907,12
623999,9
464911,11
413738,7
355094,10
329086,8
353687,8
267939,6
209165,7
241717,7
222707,8
169521,5
136331,6
137795,5
118195,5
55928,3
55764,3
37164,2
23809,1
38275,4
122313,3
120016,4
120609,5
126542,4
122943,3
79422,3
104001,3
274194,8
220331,6
241904,7
296424,7
239245,5
382211,8
274623,8
216746,5
209678,5
248541,7
357723,8
265644,7
665093,12
629570,13
709055,12
911580,15
860162,11
965836,13
1081763,13
1055566,15
959812,14
864193,12
752181,13
937995,12
698869,12
578763,9
745910,12
613718,11
534707,10
428040,8
425545,10
241636,7
508689,10
539132,12
561945,9
466507,11
459307,7
420994,10
372707,8
341376,8
259896,6
281070,7
261195,7
206432,8
189335,5
184755,6
112739,5
157415,5
64907,3
51186,3
36239,2
32643,1
133725,4
40900,4
96820,3
139602,4
179662,5
106428,4
130087,3
49596,3
124342,3
286592,8
274858,6
295384,7
306594,7
247152,5
299986,8
304784,8
181789,5
170085,5
254656,7
354842,8
412566,7
669052,12
720298,13
661757,12
937038,15
765099,11
1059964,13
957062,13
1178644,15
1000891,14
799638,12
750566,13
878634,12
774810,12
552727,9
795432,12
607989,11
593007,10
485075,8
403990,10
300045,7
497223,10
588537,12
540521,9
437845,11
348588,7
349922,10
381516,8
344605,8
241856,6
317672,7
346927,7
300166,8
205406,5
134296,6
154229,5
131197,5
66640,3
42754,3
37334,2
21814,1
96522,4
39885,4
87161,3
142041,4
207287,5
131640,4
151925,3
49867,3
122567,3
235590,8
153420,6
484314,7
381271,7
391120,5
509819,8
329310,8
129997,5
188261,5
233841,7
254715,8
504545,7
544808,12
700391,13
847345,12
909596,15
822895,11
772593,13
1016048,13
1033341,15
896365,14
791677,12
804226,13
800879,12
694541,12
608429,9
506633,12
434865,11
671812,10
471988,8
385399,10
246893,7
456952,10
542821,12
671556,9
468194,11
392876,7
378924,10
389123,8
393037,8
254138,6
223761,7
305116,7
259831,8
134358,5
155013,6
124509,5
144126,5
67289,3
58359,3
38270,2
23568,1
39748,4
105785,3
115768,4
183808,5
107954,4
156702,3
70883,3
118602,3
287802,8
240684,6
250322,7
315194,7
212246,5
332397,8
294862,8
198699,5
197779,5
297382,7
350973,8
350334,7
519416,12
744189,13
738530,12
842080,15
785811,11
896197,13
1089212,13
1128228,15
907685,14
850241,12
699643,13
819958,12
739287,12
517243,9
699476,12
627308,11
653594,10
436807,8
422569,10
261750,7
457794,10
580864,12
622553,9
509931,11
373000,7
399394,10
435976,8
300585,8
208866,6
232760,7
266196,7
274272,8
150701,5
151560,6
167533,5
134729,5
69760,3
55786,3
45145,2
21379,1
159429,4
95093,3
107988,4
137532,5
147810,4
134630,3
68926,3
150741,3
277541,8
245091,6
239659,7
267301,7
257011,5
355529,8
286609,8
231749,5
209536,5
283962,7
302158,8
398206,7
513723,12
377332,13
340337,12
556246,15
390227,11
491327,13
525537,13
515322,15
529605,14
461373,12
333928,13
496492,12
340447,12
301438,9
343807,12
301984,11
366399,10
251582,8
233108,10
184815,7
272332,10
374872,12
248169,9
330539,11
240435,7
195389,10
241158,8
177241,8
166232,6
144862,7
167554,7
96043,8
77862,5
65419,6
48842,5
44726,5
23443,3
31017,3
15270,2
5002,1
56990,4
96690,3
133259,4
163851,5
252663,7
129391,2
180765,5
200933,5
353805,8
480375,9
466451,9
334374,8
247881,6
241580,4
576612,11
724934,12
864332,12
692932,13
724362,10
719180,15
707511,10
503838,10
678609,10
733430,13
799222,12
640720,12
891566,13
918674,12
1089529,15
705986,10
681753,13
703724,11
768058,11
929001,15
954096,13
850941,15
895332,12
1222261,17
786461,11
925188,16
800994,11
585191,13
800126,11
699102,14
596272,11
585840,11
536721,10
436736,9
301884,9
246451,5
166673,7
135866,4
125508,6
131830,4
122712,6
104890,4
50735,4
61786,2
41499,2
27965,1
96538,4
92184,3
162887,4
198482,5
116139,4
144294,3
86610,3
53715,3
116914,8
105003,6
117893,6
117769,7
165613,5
161348,6
191000,7
102315,7
136859,5
188908,7
364516,13
418432,12
224238,8
378559,13
358013,9
411455,13
370008,10
399549,14
472563,9
331640,17
322326,10
418690,15
348681,11
417409,13
458163,11
460009,14
353742,11
500715,14
460323,12
355643,12
367428,13
418707,12
294322,11
197355,10
174425,6
137975,9
216335,10
195832,8
220155,10
205326,7
173811,8
144565,6
110468,8
77948,3
103355,7
58892,5
73358,3
29133,4
18053,1
33939,3
57604,4
56433,3
46942,4
121242,5
103683,4
65265,4
188261,7
108132,7
182424,9
108138,6
136204,6
245788,8
229104,7
157052,5
236751,9
288803,5
176416,9
95802,4
265320,9
398682,14
390749,9
391529,14
395769,13
555214,13
359981,10
310058,11
381337,10
482988,13
602709,14
542092,12
546939,14
362614,12
364217,10
475790,15
440682,11
400304,13
479942,15
344147,12
326703,10
350549,15
397797,9
329294,11
205775,8
253212,12
94246,4
133461,11
143511,5
222265,11
160168,8
148414,9
86240,4
141202,8
85352,7
109711,3
58574,5
32458,1
21549,4
12197,1
25145,2
55795,4
36125,3
51978,4
62334,5
112363,7
71478,5
93196,6
223325,7
301150,10
294131,8
306396,11
288576,9
253290,8
327930,15
446706,11
396624,14
439491,10
458041,16
331409,11
395909,17
533424,11
466201,19
460364,9
494850,17
446177,11
397895,18
558886,9
390714,16
412507,9
540034,21
571605,11
529610,20
571445,12
484167,17
471894,10
523571,17
388327,12
506140,14
438928,14
497338,15
281159,8
277996,15
201294,8
265670,13
232493,9
154989,10
138391,7
183457,11
157645,6
131462,9
193497,6
82742,8
86057,5
63526,7
40026,3
30000,4
30610,3
32952,3
10839,1
14940,1
57880,4
47560,3
54344,4
55104,5
57454,4
48112,3
50206,3
64472,3
129460,8
155205,6
91410,6
153587,7
92056,4
182380,8
119140,4
156284,7
55956,2
81943,5
88080,2
206269,9
270543,9
161301,8
122881,7
134426,6
166526,7
213011,12
149225,7
358234,11
158692,8
201885,6
228409,12
329720,10
312371,11
219673,9
331994,10
381737,11
236068,10
237981,9
236646,10
210593,8
202079,9
188881,9
204882,7
234845,8
366304,14
246783,8
193323,12
176413,6
174258,11
139996,10
126550,5
144267,8
96666,5
81348,7
97991,5
44419,5
82706,4
23882,3
24526,2
7271,1
57723,4
46158,3
58664,4
90800,5
47379,4
79457,3
29732,3
60895,3
125653,8
54197,2
273138,6
156038,5
226699,11
157390,4
175111,9
164703,6
251956,10
330123,11
587846,7
274036,13
190669,7
130959,10
160217,11
142423,12
184782,11
168366,12
194806,13
253151,11
392548,15
174109,10
166593,13
185423,13
257589,13
187238,12
165990,12
158560,13
121381,9
126277,12
96007,9
104864,9
82985,12
100523,8
124883,9
89994,7
86847,10
56266,5
48928,7
25749,2
45732,7
29646,4
30061,3
33346,4
43322,5
50461,7
33016,4
73281,7
63037,7
91231,9
82743,7
42908,6
51243,4
60193,8
92158,8
105203,7
151885,8
83113,8
161252,10
96362,8
132307,10
136402,12
95335,7
139960,12
147922,10
93586,9
85106,8
89987,8
125892,9
191208,14
190546,12
175924,12
130835,9
121529,12
136518,10
150533,13
152296,10
174326,13
114850,9
145370,9
152939,14
148035,11
151664,12
144944,13
104838,10
91123,10
76835,9
58196,9
50063,5
65916,10
69443,9
64388,9
47872,6
34597,7
22720,4
18702,5
17061,3
14881,4
6607,3
8579,1
7120,1
31916,4
28915,3
33754,4
38640,5
27961,4
26705,3
13640,3
25145,3
52078,8
24322,2
80438,6
62741,5
81481,11
51641,4
54322,9
56875,4
107996,13
51187,3
84649,12
80488,6
120788,14
141348,11
129411,13
108115,9
110284,11
138264,10
130363,11
172477,13
201085,14
139324,11
144977,12
125259,10
170450,15
118468,10
150418,13
133105,12
140519,10
111005,14
85589,6
78349,13
66102,6
78357,11
52303,5
63885,10
50374,6
51232,8
38184,4
47056,9
46560,5
48241,8
49866,6
48818,7
35435,7
20404,4
25789,5
21324,4
15433,3
12293,3
4628,2
27329,4
27707,3
36217,4
42624,5
51533,7
26800,2
31445,5
46081,5
68453,8
92784,10
63581,7
53600,5
102986,10
85330,8
93914,9
59233,5
62170,8
62253,6
50378,7
91270,7
125970,14
150020,10
217319,17
113159,8
132319,13
96983,8
90052,8
90486,10
153306,14
116262,13
114901,9
146087,16
133347,9
137864,17
96077,6
128061,15
101635,7
124215,14
114996,9
126338,13
140471,10
122487,13
129310,11
121335,12
114394,11
80454,9
95834,10
67528,10
45962,7
63490,8
44469,7
44384,7
40920,7
32496,4
24341,6
15716,3
13201,4
4800,1
9730,2
2778,1
23710,4
24504,3
35688,4
41086,5
51224,7
25651,2
34264,5
43880,5
59307,7
61973,8
135454,10
99494,11
96807,7
99354,14
95959,7
116759,12
124216,10
119550,10
91290,7
64521,7
136096,10
30022,3
19493,4
42693,5
111005,9
167794,13
163838,11
85607,9
130634,10
126038,12
128531,9
170568,16
153693,10
157943,16
174274,10
163199,16
160968,10
153349,16
149482,9
117700,14
118278,8
144736,14
120295,10
83797,11
78926,7
91806,11
78182,8
90353,10
60773,7
53296,9
43266,6
31745,6
26001,4
20999,5
12192,2
15012,3
11597,3
7194,2
8849,2
2799,1
30819,4
28008,3
28333,4
38997,5
45658,7
45596,5
53731,6
84858,7
97184,10
89852,8
110619,11
99019,9
98543,8
151316,15
167001,11
160830,14
168864,10
218337,16
174543,11
180733,17
212113,11
192327,19
167680,9
172405,17
228223,11
160032,18
156922,9
168340,16
164802,9
201901,21
234678,11
200184,20
200952,12
192153,17
173924,10
212019,17
155805,12
169892,14
175623,14
161996,15
109824,8
126821,15
102788,8
115229,13
98242,9
94270,10
64668,7
64949,11
58383,6
49814,9
51818,6
40871,8
37951,5
29313,7
17064,3
19539,4
17139,3
9933,3
4946,1
6551,1
26390,4
25951,3
37736,4
37557,5
24248,4
26783,3
15062,3
29637,3
50791,8
47472,6
44540,6
64021,7
42545,5
74577,9
40788,5
58360,7
91779,9
86693,9
85331,8
60356,8
71619,8
117328,10
95985,8
95251,12
68246,7
93688,11
50538,7
80795,9
56997,7
46445,7
60638,7
50875,6
23858,5
14006,2
4581,2
29000,4
28804,3
41319,4
46978,5
54835,7
28347,2
36707,5
54554,5
63360,7
66035,8
123590,11
129705,11
104083,8
113253,9
125583,10
100281,8
102012,7
125742,13
191363,11
115260,12
110039,8
188589,14
88549,6
122153,14
122265,10
204703,14
203592,15
187236,13
193311,12
239261,16
239419,14
245419,14
210135,17
181317,12
192354,15
206162,13
210639,15
242289,15
221069,14
160785,13
144550,12
122603,9
143186,14
98557,9
101381,12
73321,7
66558,9
43541,5
53922,9
52064,9
51300,6
31849,5
27483,5
24266,4
19282,4
13699,2
14085,3
9090,3
9887,2
2873,1
25294,4
33071,3
44240,4
43283,5
46724,7
30941,2
33749,5
43358,5
67999,7
71373,8
132190,10
91963,12
74824,7
74562,9
93717,7
135076,14
147160,11
77169,8
58853,7
66652,6
116169,11
115509,9
89573,11
85414,8
85275,10
91901,5
95747,13
118766,8
126324,13
141639,11
107414,12
122898,9
77308,11
79358,7
91851,8
62518,6
48996,9
88627,7
41396,7
34592,5
46227,7
30536,4
38478,5
35261,5
32976,9
34049,4
28836,6
17769,3
21601,5
26945,5
21578,4
23830,4
16335,4
19335,3
15670,5
16793,2
12119,4
29827,4
27379,3
38810,4
41191,5
27957,4
29270,3
15416,3
27343,3
59045,8
22054,2
83842,6
58951,5
86010,11
74107,5
158480,11
119473,10
180807,13
141224,10
141783,11
132845,8
194236,13
145702,12
123940,8
145653,11
114217,10
169725,9
142400,13
138758,9
189817,15
210918,13
208887,15
151637,8
222260,19
216371,12
209746,18
159526,9
136773,18
120423,8
126179,15
95930,8
193418,11
147083,12
153116,11
134777,10
103798,10
140739,11
84384,9
60763,7
51627,7
44402,5
49120,6
51575,6
39641,7
29694,4
26561,5
12910,2
14744,3
10734,2
5674,2
2787,1
32834,4
32422,3
41285,4
48166,5
28690,4
31446,3
16711,3
31267,3
60035,8
24443,2
88785,6
65023,5
117784,11
78520,4
153100,9
148449,6
184096,10
174027,11
112856,7
123138,13
157654,9
110437,12
168446,9
189362,14
206088,14
231209,13
256966,17
299114,15
287538,17
224436,17
191896,12
169636,14
125479,10
131053,12
144260,11
167214,15
167339,12
164948,13
136779,10
113345,13
124228,10
106141,11
101075,10
90170,9
87380,8
86216,9
60883,8
52098,5
52538,10
62638,7
45260,6
40927,7
37079,5
28552,5
27997,4
15753,3
6046,2
7952,2
25618,4
28469,3
37380,4
44284,5
43841,7
23506,2
33198,5
41302,5
70497,8
92915,10
58921,7
57283,5
96514,10
77255,8
85854,9
49972,5
52418,8
86037,8
179945,14
125359,10
111515,11
73500,9
120064,10
81609,9
97019,10
34061,6
101550,8
93031,11
88635,8
70604,12
66883,6
59509,9
71290,7
83795,9
93982,10
94088,10
92728,10
84666,8
75081,8
68513,9
56228,7
57165,5
107599,11
89154,9
109714,12
108201,10
85028,12
94579,8
78014,11
59755,7
48344,8
34980,4
33736,7
33706,6
32472,6
26427,5
17566,4
12247,3
4193,2
2429,1
27086,4
54416,3
59744,4
66831,5
95497,7
60954,4
103663,7
110676,7
151874,9
79331,6
84632,6
88952,5
174979,11
67393,4
42771,5
45445,3
102219,8
155017,9
171040,9
115819,8
109290,8
74716,4
154829,10
96259,5
106052,9
141019,6
214905,11
196535,10
223557,11
289347,13
262438,11
257935,14
184243,9
194473,11
168043,9
211532,9
169253,10
143267,7
121583,10
182379,8
212617,12
162215,8
157706,11
144412,10
113335,9
115355,7
145504,9
147591,11
126070,7
119925,10
92963,6
63507,8
37946,3
33682,5
42619,4
44434,5
22985,3
16523,2
13579,2
10909,1
58516,4
52113,3
59276,4
76403,5
87619,7
75165,5
96254,6
140648,7
170175,10
158407,8
116244,7
188513,10
142587,7
132276,8
180265,8
170523,10
263188,12
123411,8
146713,9
154671,7
122078,9
129415,6
226829,11
215964,10
219832,15
201295,9
289488,15
124150,11
98597,9
65999,9
73398,7
77586,12
69528,7
82760,9
99804,9
84391,10
73674,7
84457,12
99636,8
83700,10
99828,12
97101,9
88784,11
93457,9
85224,11
64011,8
61762,7
53060,9
49260,5
53575,9
47131,5
32989,8
44557,4
19861,7
21908,4
14323,4
11605,2
6021,3
2869,1
2344,1
24894,3
39615,5
28547,2
37190,4
68449,8
49245,6
31870,5
24906,4
41782,7
11357,2
50318,5
65844,4
64345,6
54065,5
47612,4
45883,4
61602,4
58748,4
16788,1
23355,1
23268,3
38205,5
40978,5
64230,6
112349,9
84760,7
62869,6
103114,10
79575,9
219073,15
204098,12
138909,10
129366,9
128264,9
112507,7
77894,5
75791,5
44406,6
29136,5
20781,1
37377,2
29569,3
37210,6
39630,5
59817,7
87345,8
105812,9
82856,8
55276,7
63092,6
74880,7
36829,4
42377,3
31766,2
24031,2
21487,1
25695,1
28462,1
77228,6
81936,5
53248,2
28418,1
36655,2
27646,1
46741,5
44632,5
18773,2
11518,1
12965,1
8448,2
3570,1
31230,3
41256,6
30456,3
50246,6
79281,10
71915,8
63986,8
94227,12
135448,15
48122,8
62483,7
55228,6
63103,6
55425,6
46456,4
72554,5
118313,9
127831,10
90948,8
102441,8
81074,8
38276,5
27447,5
19274,4
11713,2
18299,3
21445,3
11529,2
16079,4
45039,3
52143,4
66046,5
61601,4
98487,4
187747,10
70328,3
195191,8
201795,8
221517,9
151014,6
313579,10
277384,12
343014,8
369263,10
395523,13
469121,14
576059,15
403565,14
316383,10
418627,16
235074,6
394798,15
388737,10
315404,12
284227,11
316761,10
293060,12
318435,12
317478,9
345965,11
435765,13
404758,13
322831,11
362400,13
118130,10
111281,10
92750,9
100300,11
79019,8
103117,10
96850,9
71439,8
66066,8
64630,6
63784,10
56494,6
58592,8
55182,8
47655,6
20443,7
27628,4
18065,6
19415,4
12760,4
10350,2
3421,3
7244,1
1178,1
14660,4
18966,3
25600,4
32075,6
31017,4
43225,4
35532,6
41114,5
101081,10
108031,9
84649,10
103536,9
75184,8
85382,9
73670,8
69809,8
91433,8
62738,7
98237,10
135530,11
97472,10
117783,11
105832,9
75510,9
67849,7
77817,9
38925,5
58156,8
69649,7
58789,6
119254,10
110645,15
113730,8
113537,16
118197,7
115984,16
156137,10
140116,14
133247,9
92399,13
78335,6
74386,11
72327,7
79775,12
64475,7
63833,8
49995,6
43509,7
55127,7
73102,9
44837,5
47473,7
40081,7
24884,5
26254,5
13924,3
11861,3
9257,3
6857,2
5814,1
5233,4
4822,3
9766,4
13442,5
9883,4
9801,4
15726,10
7329,3
13940,8
14392,8
20239,9
16558,9
20148,8
25366,13
22516,12
26718,13
23834,12
19827,9
26506,14
18619,8
23860,15
22576,12
23727,15
24169,12
24083,12
20453,12
18326,12
24513,11
17639,11
14520,10
18209,11
23071,13
17346,9
20087,11
16235,15
20454,10
17491,13
13708,8
11499,14
10539,5
8365,11
7236,3
8941,11
7560,5
11876,10
7799,5
6489,9
6336,5
8214,8
10179,9
10735,7
6128,7
9149,7
7661,5
7053,6
6121,5
4653,4
7080,2
6103,2
5055,1
10028,4
9012,3
8096,4
11124,6
7476,4
8688,4
14188,10
12748,6
17738,10
15254,8
11168,6
14733,7
16710,11
18816,9
18672,10
23265,12
23879,10
22587,11
19001,8
22247,11
20257,11
19212,12
24848,11
22382,13
16246,7
20858,13
17675,10
18851,12
19167,10
21695,15
19644,10
17701,16
15776,7
15766,14
13815,8
20942,12
15366,8
11357,11
15244,10
13033,11
13416,7
11864,13
15211,8
13684,12
11024,9
12466,14
13623,7
10266,12
7037,6
9714,9
10324,7
10071,7
4435,7
4927,4
4579,6
3591,2
4891,4
3470,2
7154,2
3328,1
9014,4
8635,3
6603,4
8603,5
10857,4
9756,4
16852,10
7690,3
15539,8
15066,8
14395,9
13875,6
20037,10
21285,12
18688,8
28964,10
26646,13
28815,14
33951,15
26641,14
21652,10
25275,16
16770,6
24379,15
25230,10
24793,12
19839,11
21563,10
17077,12
17010,12
17761,9
22968,11
26451,13
20959,13
21246,11
21949,13
13809,10
17335,10
14200,9
16085,11
9525,8
12850,10
14490,9
9135,8
11130,8
9233,6
11819,11
10957,8
7995,8
11963,8
8694,7
8099,6
6620,7
4309,4
4396,5
3726,4
3778,4
3417,2
3414,2
3680,1
9025,4
6260,3
8676,4
10005,5
10086,4
14202,7
9495,4
13168,7
12244,8
12907,8
15254,8
9397,6
12764,6
19352,10
16530,9
15084,8
19142,8
23599,9
20947,11
20030,11
19139,9
25825,15
22546,10
26431,12
28088,14
19944,11
19862,10
21807,12
16372,10
16906,12
18779,10
17010,13
18151,9
18278,13
15486,10
15948,11
19169,13
17842,12
14863,10
15767,11
11661,7
15197,10
13267,8
11954,12
13321,7
10636,9
9502,9
8103,7
9733,7
7067,8
7585,4
5893,7
10814,7
3781,1
4461,6
5462,2
5035,4
4269,1
2369,2
7689,4
9718,3
8907,4
10836,5
7098,4
11344,7
10358,5
10758,7
16433,7
11987,7
16939,10
11501,6
7631,5
12923,9
11910,7
15465,9
13937,10
10401,4
13791,8
18428,8
14713,8
17331,10
11000,7
13674,9
19391,12
18989,12
16351,11
16405,9
16480,9
13129,9
12772,9
12837,11
13513,8
13763,10
15512,8
15172,11
14451,9
13448,10
14778,9
14979,14
12734,7
11337,11
12745,8
11939,12
8444,6
9834,9
13014,7
6309,8
6313,6
5138,6
4070,5
5025,4
1759,6
1388,2
4670,4
876,2
725,2
566,2
535,2
205,1
5785,4
3349,3
4433,4
6958,6
3611,3
7323,5
7971,6
3112,3
8910,6
7168,7
6236,5
7674,5
11836,8
12271,8
14983,10
5489,4
13588,10
10110,9
12752,8
13121,12
10160,7
16662,11
14492,8
12255,9
16597,9
15600,9
18576,12
14019,10
15589,11
21503,14
15397,11
14991,10
16140,13
15737,12
13732,12
11880,9
9602,10
9859,10
13064,10
10585,10
10027,10
8103,8
5380,10
6100,7
5409,11
4452,4
3907,10
3683,5
3420,9
2465,4
2795,8
1849,3
3163,8
2796,5
1901,6
5978,5
1091,4
786,2
1396,2
259,1
4456,4
6598,3
4437,4
8881,6
3246,3
7923,5
5979,6
6484,3
8077,6
7896,7
7343,5
7220,5
10890,8
11484,8
13445,10
5655,4
13756,10
12276,9
11430,8
15965,12
11396,7
12958,11
9731,8
9184,9
13384,9
18632,9
16874,12
13561,10
16852,11
18066,14
17170,11
14111,10
16158,13
16583,12
14861,12
11237,9
8552,10
9763,10
11384,10
9284,10
10057,10
9721,8
8361,10
6165,7
8439,11
6283,4
3912,10
3675,5
3475,9
2987,4
3013,8
2135,3
1851,8
2206,5
5008,6
1601,5
966,4
840,2
871,2
300,1
4382,4
5234,3
4425,4
6460,6
8293,4
7994,4
6209,6
9292,5
14231,10
8060,6
13055,6
14041,12
17754,8
21587,17
15827,9
15003,16
16918,9
18215,15
15904,9
23357,16
19712,9
24100,16
20950,13
13040,12
18639,10
13430,12
14354,11
14918,11
24770,14
17306,10
21090,15
23385,15
21907,13
18544,13
21580,14
13030,10
18376,11
10644,8
9961,9
15209,11
12939,11
11396,12
11109,11
9890,12
12289,12
7341,9
6449,8
7399,7
7268,10
7137,8
5351,9
5217,7
3570,7
1644,5
1182,3
1273,5
892,2
942,3
531,1
330,1
5062,4
4677,3
6993,4
10234,5
7320,4
11015,4
15881,9
15942,7
17408,7
16256,9
22588,9
26716,11
20178,11
24832,11
23987,15
26895,10
29280,13
33213,16
29398,13
29064,16
20590,12
28476,12
20622,12
26638,9
28250,14
17575,9
18382,11
23223,10
22082,15
17668,9
16431,10
16318,9
15987,10
17729,11
14980,11
17629,13
16653,13
14339,8
15188,10
13386,9
12676,11
11571,6
12420,8
14253,9
10800,10
9961,7
10602,9
10527,7
10479,10
7135,7
7104,8
9022,6
9705,7
8263,5
6543,4
8569,5
5531,2
5304,3
4807,1
2462,1
4863,4
3442,3
6852,4
11834,6
6722,4
11705,4
7581,6
9940,5
18970,10
20389,9
15594,10
18808,9
12675,8
18035,9
14143,8
12481,8
14777,8
11370,7
16831,10
19442,11
18276,10
16781,11
16718,9
13973,9
9851,7
14227,9
8039,5
13593,8
11212,7
12248,6
17597,10
15692,15
13881,8
18682,16
16269,7
16131,16
18430,10
18302,14
16430,9
14304,13
10497,6
11370,11
10347,7
12018,12
11861,7
9162,8
9947,6
6696,7
9435,7
8970,9
7093,5
9891,7
5913,7
5869,5
4813,5
6914,3
5223,3
7980,3
4273,2
2379,1
3890,4
4302,3
9901,4
8049,5
9514,4
11804,7
8552,5
14157,7
12949,7
13703,7
20441,10
13189,6
18632,11
14255,6
19752,11
15100,8
16574,9
12575,8
21334,10
17556,12
15255,8
18378,12
15908,8
21517,12
19494,10
20247,11
25537,10
18632,11
19771,12
17086,9
14901,10
14297,5
21601,16
17340,10
21776,15
21990,10
17385,14
13238,9
14248,9
18534,12
10931,8
16570,11
18796,11
13280,10
16846,13
11796,10
11714,8
10792,9
7615,9
8722,6
8768,9
8349,4
5196,7
6941,3
7636,5
8102,2
4654,3
3533,2
3761,1
3480,1
5265,4
4205,3
7561,4
8237,6
8002,4
9230,4
18008,10
11692,6
17230,10
13964,8
12398,6
15627,7
19733,11
19084,9
19588,10
23521,12
19703,10
21614,11
22871,14
20677,9
26657,13
22499,12
26186,15
23292,15
26326,11
33722,15
30809,15
27835,15
27176,13
29733,17
20719,9
20265,15
15743,7
18573,17
16784,8
16161,12
15934,9
15014,12
14349,8
14032,12
16115,11
15133,10
11227,10
11407,8
8519,10
8803,10
10845,7
9111,11
8088,5
8074,9
5652,6
5993,5
4810,5
4966,4
6553,4
7951,2
5584,4
7054,2
6977,2
3896,1
7364,4
7600,3
2687719,4
4979,4
3647,3
11043,4
10659,6
8197,4
9709,4
9865,6
8701,5
18088,10
17242,9
15043,10
17511,9
13045,8
15643,9
13959,8
12021,8
15175,8
12212,7
14562,10
16539,11
16359,10
20409,11
15529,9
11677,9
10507,7
13018,9
10216,5
12350,8
11090,7
11922,6
22997,10
18417,15
16947,8
26094,16
16749,7
17194,16
16743,10
16625,14
19366,9
14573,13
15275,6
11145,11
10626,7
10003,12
9016,7
9282,8
8196,6
7619,7
8585,7
10229,9
8959,5
7867,7
8022,7
5349,5
4236,5
4047,3
4203,3
3665,3
3335,2
2123,1
2874,3
6139853,2
16504,6
15217,8
20188,11
15339,11
20882,11
22294,10
20279,9
17738,8
12248,6
13076,7
13947,6
7448,3
7248,1
10629,4
8349,4
8701,2
11046,5
11250,6
10780,6
12464,5
5483,5
9970,7
7501,6
8659,6
7892,4
6805,3
6508,2
1464,1
3968,3
9500,2
4033,3
3576,3
4159,4
3534,3
5902,4
6976,6
5537,4
7552,7
12807,7
3459,4
11608,7
10673,2
16106,6
21084,8
15431,9
13198,5
27508,8
24038,9
25023,10
30554,10
27050,11
24045,7
32232,15
29155,12
19327,12
26862,12
32945,14
22850,8
20327,15
25819,11
27918,16
27823,11
27662,13
16790,7
19727,13
23043,8
18768,11
16051,10
21932,12
18745,8
24953,11
18963,10
14784,11
14900,7
15515,13
11133,7
17120,12
12466,8
13418,11
9850,8
16139,10
9955,6
8196,9
9118,5
7866,7
6666,3
14133,5
7349,3
5017,4
6495,1
14371,2
7562,1
3787,4
4614,3
4458,4
7913,6
5100,4
6616,4
16569,10
4853,3
12818,8
18754,8
19301,7
18811,10
28276,12
24717,10
22297,12
26538,11
21928,13
30119,12
27193,15
21562,11
21907,16
26920,9
25885,15
28955,9
34713,15
20972,9
28643,14
25163,11
23588,17
16573,8
20432,14
17737,8
26147,15
25952,11
23702,15
24427,13
24136,16
21728,12
17298,15
15087,10
14729,14
22823,11
16505,12
13538,10
17265,13
10628,8
8853,11
7053,7
9366,9
4540,6
6037,6
4970,5
3010,5
4703,4
3801,5
2716,3
4970,4
2581,2
9482,2
170,1
3722,4
5426,3
8573017,4
6791,6
6155,5
4695,4
9570,7
10469,7
6772,5
11213,10
12640,7
13050,9
12354,9
15435,9
18912,11
16834,10
18188,12
19082,12
15735,10
10196,7
11020,9
10741,8
12248,11
18552,11
14253,10
13234,10
12819,10
10484,7
8908,12
9861,7
6725,10
6397,5
12604,13
5342,3
6103,10
4601,3
8428,9
7906,8
6991,8
6309,6
5643,7
6172,6
6592,8
6869,10
9786,7
5726,7
4186,7
3392,4
4195,6
2907,5
2970,6
2494,5
1946,6
1039,2
1226,6
427,1
594,4
512,2
322,2
187,1
2806,4
2664,3
4035,4
6129,6
5578,5
4320,4
8266,7
11046,7
10571,9
7696,6
11658,8
12155,9
9425,8
7621,7
7419,8
4321,4
9522,9
6222,7
7452,8
4187,6
5219,5
5841,6
7249,7
9291,10
8113,7
7976,9
6994,8
5983,7
6217,9
4858,6
5235,8
3860,5
4393,9
2181,3
3883,7
2376,5
3908,4
4585,9
5124,6
4802,8
6346,7
3996,7
4124,6
3632,6
4006,5
4024,10
2610,4
2527,8
2288,3
1648,7
1010,2
1624,7
1584,5
1076,4
916,4
894,3
588,3
336,2
660,2
216,1
2834,4
2756,3
3679,4
6064,6
11427,8
3964,3
6223,5
6509,5
6543,7
7738,6
7520,7
7182,6
5134,7
5316,4
7543,7
5767,6
4679,4
9080,8
11204,7
10118,13
9918,6
14894,15
9931,7
9666,11
14449,8
10224,11
9685,7
11128,13
9961,6
12850,16
10614,7
12572,15
7153,5
10976,14
9311,8
9089,13
6043,6
7711,10
4168,5
7223,9
7750,10
5496,9
4050,5
4395,8
6630,7
3903,8
4670,7
3483,8
2487,5
1489,5
1568,3
1947,6
1364,4
1622,6
1105,5
1440,5
1150,3
484,3
247,1
167,1
2902,4
2851,3
3975,4
6636,6
11485,8
3050,3
10777,5
6510,5
7427,7
7976,6
7747,7
8159,6
5142,7
3904,4
10399,7
7107,6
4583,5
7922,8
6058,6
7046,6
13290,10
11217,10
7059,6
10903,9
11245,8
13936,12
10698,8
14551,13
14201,7
11372,12
10742,8
12955,12
11714,9
10964,12
8630,8
8155,10
7533,8
6789,8
7101,8
8543,10
8814,11
6379,7
8252,10
4998,8
5470,6
7264,10
3897,6
4450,9
2492,5
2761,7
2910,6
2767,7
1941,5
1472,5
1006,4
707,3
1303,3
572,2
448,2
178,1
3410,3
5023,5
4575,3
3868,3
11276,10
10987,8
13342,8
14444,10
10031,10
24274,15
17303,14
17402,17
17069,18
16491,16
15063,14
12113,11
12086,12
11174,12
3157,4
2751,3
3575,4
7342,6
9663,8
2967,3
4754,5
2994,3
7234,5
9237,6
11035,11
5890,4
7394,5
11070,11
11381,8
5646,6
8187,6
2543,3
4464,5
2813,2
6531,5
10491,12
6737,6
13085,11
7742,6
11357,11
8364,8
17464,10
13476,10
13979,8
17836,15
11824,8
15549,15
13015,9
15378,13
7562,6
8467,9
8869,10
11037,12
7425,9
7559,9
11553,10
7697,10
5854,8
9039,11
8546,12
5534,7
9498,11
4392,6
6730,9
3126,5
3065,9
2290,5
1887,7
2024,4
933,5
529,2
685,3
348,2
146,1
4122,4
3555,3
4579,4
6364,6
11455,8
4490,3
6624,5
6033,3
7568,5
10892,6
11514,11
3677,4
7281,5
11117,11
9242,8
5960,6
6951,6
3783,3
3151,5
1738,2
5898,5
9509,12
10178,9
5107,8
6688,6
2160,4
2264,3
3061,4
3601,4
5866,9
4965,5
7940,11
6314,6
6637,10
4073,4
7675,9
5498,7
5759,7
5519,10
4402,6
4258,5
6148,11
10694,8
9935,11
6147,6
4909,9
4375,7
3910,6
1892,3
2264,8
991,2
1633,7
1619,4
1474,7
1191,4
736,4
604,3
488,2
390,1
195,1
3359,4
3139,3
4050,4
6445,6
9280,8
3394,3
4860,5
3073,3
6919,5
9241,6
12566,11
4791,4
9311,5
12602,11
12820,8
5422,6
5571,6
2379,3
2344,5
1688,2
5858,5
9466,12
6915,6
10655,11
6511,6
12653,11
9240,8
14643,10
12118,10
14719,8
19683,15
12046,8
15093,15
12514,9
11550,13
7393,6
8380,9
8959,10
11137,12
7482,9
7111,9
7865,10
8029,10
6819,8
9089,11
8729,12
5656,7
5066,11
4113,6
4067,9
2737,5
2574,9
2255,5
2017,7
1296,4
900,5
493,2
446,3
491,2
199,1
3420,4
2980,3
3688,4
6400,6
9201,8
3012,3
4761,5
7371,6
5855,5
10817,9
10423,8
10592,9
7687,7
6473,7
11325,7
8551,8
9790,9
10125,8
12813,10
16514,7
6568,10
7094,5
12655,12
10606,7
11473,11
10162,7
11124,10
8147,8
8957,10
7366,8
7144,8
11278,11
11518,10
9647,7
6874,8
8095,8
12688,10
10764,11
9835,9
11785,8
7639,9
8724,9
7820,10
6237,9
6071,6
6642,9
4465,8
3978,6
7258,9
6709,8
4625,9
3448,9
2407,6
2061,6
1556,6
883,3
780,4
471,3
232,2
142,1
2858,4
2733,3
5062,4
5822,6
9777,8
3048,3
5682,5
7395,6
6256,5
10879,9
10385,8
16100,9
7604,7
6432,7
7857,7
11839,8
9481,9
13740,8
11788,10
11144,7
14163,10
6836,5
12760,12
9614,7
10234,11
10136,7
10456,10
7791,8
11219,10
7380,8
7108,8
10578,11
10482,10
6833,7
8773,8
14969,8
11156,10
10401,11
9206,9
7681,8
8295,9
10320,9
7628,10
8579,9
4309,6
5289,9
7110,8
5246,6
5601,9
6490,8
5566,9
5196,9
3174,6
2130,6
2239,6
1131,3
959,4
623,3
300,2
165,1
3782,4
4507,3
3396,4
7036,6
13454,8
3800,3
4319,5
3021,3
7824,5
11387,6
11515,11
4806,4
7144,5
11277,11
8797,8
5569,6
6925,6
2349,3
2271,5
1634,2
6964,5
10603,12
11563,9
5009,8
6756,6
2187,4
1359,3
3185,4
3674,4
9979,8
9272,8
14828,13
9097,9
6532,9
3728,4
8549,9
5199,5
4454,7
5985,8
6309,8
5436,8
3980,6
6182,6
8735,12
4824,5
5928,12
3789,5
4821,11
4833,7
3777,9
3410,6
4057,8
1831,5
1531,5
1076,4
1087,3
710,3
485,2
249,2
161,1
2987,4
2599,3
4382,4
5400,6
11123,8
3217,3
4057,5
3976,4
9360,6
5957,4
10920,5
16076,11
11098,9
6743,6
5573,6
3008,3
3962,5
6427,6
5182,6
7512,6
6511,5
8310,8
8070,7
10741,10
7924,8
12089,7
15318,12
9653,7
13727,9
12460,9
13595,8
10577,10
11026,10
10956,9
7963,9
7801,7
5926,8
5401,6
6882,7
5310,7
5030,7
2900,4
4144,4
4177,5
3628,8
2771,4
2910,5
4160,6
3278,6
3491,4
4254,7
3935,6
2615,5
2030,6
1651,4
1825,4
923,4
524,2
448,2
260,1
2855,4
5171,3
4276,4
6833,6
9665,8
2837,3
4463,5
6552,6
5776,5
10872,9
12803,8
12673,9
9197,7
7894,7
12188,7
12013,8
12586,9
10892,8
11447,10
14195,7
10191,10
7029,5
14729,12
14682,7
11895,11
12514,7
10062,10
7700,8
10613,10
8455,8
8205,8
12516,11
10084,10
6490,7
6707,8
7681,8
12156,10
11415,11
9344,9
8453,8
8079,9
9461,9
10827,10
6927,9
5374,6
5796,9
4930,8
4410,6
5476,9
5168,8
5435,9
4174,9
2769,6
2732,6
1928,6
946,3
1021,4
864,3
295,2
190,1
3138,3
5149,5
3264,3
2360,3
9150,8
5950,5
7094,6
7399,6
11615,9
11147,9
11100,8
4177,3
5136,4
6663,6
7268,6
7828,6
6822,7
3394,4
2554,3
2834,3
4345,5
6624,7
3149,5
2762,5
1616,3
1172,2
1223,4
634,2
1136,3
3155,3
5486,5
7597,4
9746,5
9815,6
9023,6
8995,6
3030,3
6376,4
6144,5
5462,4
7690,5
5567,2
4449,3
3936,3
8525,6
6505,5
5901,5
3579,4
4084,3
5305,4
8317,6
9833,8
3401,3
4545,5
7437,6
7230,5
11228,9
10414,8
14339,9
9128,7
7993,7
12012,7
8569,8
10580,9
13155,8
13298,10
13566,7
6620,10
7239,5
25159,12
17664,7
14080,11
11351,7
13763,10
10677,8
11853,10
9021,8
8927,8
12189,11
11605,10
10073,7
11253,8
11281,8
11572,10
12596,11
9778,9
8101,8
9272,9
11385,9
10087,10
9331,9
4879,6
5545,9
5287,8
5412,6
5535,9
5639,8
6477,9
4659,9
4316,6
3707,6
1961,6
1246,3
986,4
703,3
350,2
194,1
4688,4
4221,3
5005,4
7605,6
12066,8
4158,3
6320,5
4448,3
8938,5
12645,6
15759,11
5350,4
9877,5
15561,11
11915,8
10662,6
8545,6
3556,3
3489,5
2559,2
9425,5
13881,12
14950,9
7823,8
9894,6
3089,4
1903,3
4820,4
5236,4
8140,9
6979,5
10651,11
9234,6
9279,10
5965,4
8258,9
7932,7
8474,7
8338,10
6894,6
6341,5
9187,11
10537,8
9379,11
7103,6
7467,9
6512,7
3798,6
2520,3
3309,8
1550,2
2499,7
2246,4
2174,7
1843,4
1133,4
898,3
418,2
300,1
252,1
5019,4
5722,3
5294,4
8253,6
14957,8
4382,3
7258,5
6765,4
10652,6
5698,4
10964,5
18292,11
16495,9
8910,6
6910,6
5552,3
5719,5
10084,6
7404,6
8999,6
8318,5
11439,8
11905,7
12276,10
11561,8
13425,7
19140,12
12338,7
17740,9
13328,9
18038,8
13853,10
14948,10
15496,9
12030,9
9660,7
6886,8
6183,6
7061,7
6089,7
5833,7
3971,4
4668,4
5426,5
6395,8
3015,4
3125,5
4131,6
3218,6
2953,4
3580,7
3877,6
2329,5
2107,6
2786,4
1964,4
1927,4
1127,2
384,2
219,1
4724,4
5229,3
5449,4
8435,6
11605,8
5558,3
6154,5
5714,4
9848,6
7221,4
11875,5
16355,11
15139,9
7729,6
6875,6
3689,3
6025,5
7542,6
7763,6
9418,6
10371,5
10722,8
10423,7
12507,10
11666,8
12599,7
20847,12
13090,7
21178,9
15066,9
14952,8
15823,10
13816,10
15721,9
11157,9
8498,7
7420,8
7393,6
7863,7
7217,7
7304,7
4970,4
2905,4
4570,5
5012,8
3493,4
3257,5
5474,6
3009,6
2765,4
3950,7
4718,6
2410,5
3165,6
2252,4
2580,4
1297,4
597,2
472,2
215,1
5106,4
4020,3
5005,4
8746,6
13736,8
4169,3
6227,5
6021,4
10805,6
6084,4
10785,5
18071,11
16822,9
9806,6
7692,6
4481,3
5069,5
8326,6
7230,6
7994,6
7940,5
10522,8
10710,7
12187,10
10129,8
13241,7
18997,12
11950,7
15893,9
12954,9
15057,8
13475,10
13242,10
15027,9
9998,9
8840,7
6654,8
6209,6
7092,7
6310,7
5781,7
3132,4
3107,4
4091,5
4567,8
3037,4
2474,5
4278,6
3306,6
2863,4
3730,7
3932,6
2453,5
2128,6
1592,4
1488,4
1061,4
543,2
466,2
242,1
7874,3
14338,6
7647,3
16594,6
18540,6
23481,7
30238,9
25185,8
27047,8
30623,8
24052,7
20919,6
18314,6
22236,7
15904,5
11160,4
14283,9
14170,7
13383,6
5842,4
17343,3
7404,4
11333,6
19452,8
5874,3
9001,5
7643,3
12831,5
17382,6
21932,11
10050,4
14466,5
20924,11
16711,8
12846,6
12459,6
5164,3
5868,5
5024,3
12675,6
12471,7
11634,6
6099,5
4580,4
2146,2
9792,5
11664,9
8308,5
13560,10
10941,5
9452,8
6265,4
3412,4
7776,6
923,2
1249,1
3394,6
1854,2
1634,1
847,3
1127,1
1403,3
1035,2
934,2
746,1
1173,2
1662,3
1567,3
1566,3
1437,3
1193,3
1045,2
883,3
1171,2
827,5
478,1
587,3
300,1
233,1
4074,4
4242,3
5458,4
8254,6
12000,8
4179,3
5966,5
4191,3
8535,5
11847,6
14754,11
5282,4
10755,5
16066,11
11387,8
7889,6
7478,6
3424,3
3294,5
3472,3
8388,6
8322,7
8100,6
4689,5
4747,4
1874,2
6334,5
8007,9
5945,5
9669,10
7485,5
6313,8
3593,4
2140,4
5200,6
762,2
1017,1
2599,6
1360,2
610,1
639,3
666,1
969,3
756,2
563,2
457,1
917,2
1272,3
1095,3
1249,3
973,3
941,3
751,2
619,3
914,2
762,5
484,1
410,3
348,1
190,1
4926,4
4674,3
5488,4
8163,6
12146,8
4669,3
5861,5
3978,3
9401,5
11854,6
13593,11
6281,4
9639,5
14676,11
16302,8
9104,6
8644,6
3531,3
3059,5
3382,3
16392,6
7618,7
8235,6
3575,5
2719,4
1355,2
5669,5
10454,9
6742,5
10970,10
8733,5
5411,8
3677,4
2595,4
5498,6
764,2
996,1
2334,6
2359,2
774,1
597,3
1125,1
1013,3
1619,2
793,2
438,1
879,2
1223,3
2034,3
1495,3
975,3
1668,3
787,2
1064,3
783,2
598,5
452,1
353,3
220,1
161,1
3661,4
4169,3
4834,4
7613,6
11477,8
3646,3
5733,5
4182,3
8426,5
11895,6
13507,11
4975,4
9660,5
16640,11
13777,8
7419,6
6926,6
3021,3
2989,5
3239,3
7689,6
7519,7
7091,6
3884,5
2767,4
1403,2
5810,5
7618,9
11673,5
10199,10
6695,5
6172,8
3320,4
1940,4
5506,6
832,2
1066,1
2401,6
1256,2
589,1
599,3
550,1
1054,3
847,2
612,2
482,1
976,2
1438,3
1282,3
1108,3
1177,3
1059,3
717,2
605,3
881,2
564,5
522,1
332,3
230,1
153,1
4070,4
4558,3
5270,4
8290,6
12105,8
3941,3
5765,5
4088,3
8992,5
11886,6
13608,11
5058,4
10535,5
14979,11
10794,8
7556,6
7319,6
3240,3
3155,5
3411,3
7843,6
7865,7
10263,6
3705,5
3161,4
1504,2
5970,5
7904,9
5812,5
9835,10
15563,5
15527,8
3333,4
2033,4
4806,6
684,2
887,1
2555,6
1422,2
594,1
557,3
639,1
948,3
755,2
520,2
423,1
1077,2
1233,3
1245,3
1179,3
1007,3
915,3
730,2
642,3
904,2
553,5
376,1
324,3
223,1
171,1
4178,4
5850,3
5214,4
9885,6
14326,8
4048,3
5622,5
5507,3
8225,5
12772,6
15529,11
7001,4
9105,5
14038,11
11750,8
9304,6
7127,6
3255,3
3242,5
3508,3
12128,6
19134,7
8446,6
5550,5
3663,4
3025,2
8684,5
12822,9
7806,5
11714,10
9496,5
6556,8
3944,4
3639,4
5644,6
1514,2
1035,1
3264,6
2352,2
786,1
1259,3
619,1
1196,3
929,2
622,2
779,1
855,2
1281,3
1166,3
1183,3
1333,3
869,3
1309,2
670,3
1688,2
684,5
362,1
585,3
211,1
220,1
8139,4
8404,3
10146,4
18616,6
33413,8
9105,3
13278,5
9638,3
21674,5
28151,6
34374,11
12493,4
22699,5
33470,11
25271,8
16129,6
15969,6
7425,3
7303,5
8375,3
20729,6
20103,7
19144,6
8777,5
7331,4
3478,2
14762,5
18563,9
13760,5
21701,10
15663,5
13618,8
7480,4
4466,4
11423,6
1726,2
2085,1
5960,6
3132,2
1363,1
1391,3
1390,1
2425,3
2012,2
1496,2
1143,1
2020,2
2948,3
2786,3
2595,3
2418,3
2058,3
1667,2
1431,3
1903,2
1298,5
809,1
867,3
508,1
417,1
8270,3
8310,3
13446,6
8920,3
26845,7
7092,4
7924,3
8851,4
14983,6
23583,8
6956,3
10470,5
7258,3
13854,5
19104,6
23903,11
9243,4
17044,5
23819,11
16266,8
10954,6
10828,6
5485,3
4575,5
5009,3
12010,6
12570,7
10955,6
5941,5
4220,4
2656,2
9271,5
11698,9
10633,5
16551,10
12403,5
10611,8
5528,4
3181,4
8541,6
1128,2
1494,1
4280,6
3038,2
1182,1
839,3
1073,1
1470,3
1210,2
927,2
815,1
1669,2
2089,3
1864,3
1776,3
2606,3
1474,3
1201,2
1660,3
1295,2
854,5
688,1
669,3
448,1
282,1
9217,3
15724,5
9593,3
8947,3
14752,5
7477,3
9581,3
4275,4
4670,3
5478,4
8923,6
13516,8
5728,3
5943,5
4593,3
8538,5
13880,6
15993,11
5460,4
10325,5
16536,11
14045,8
7980,6
7766,6
4501,3
3304,5
5115,3
8810,6
10216,7
8129,6
4538,5
3232,4
1654,2
6303,5
8579,9
7199,5
10598,10
8056,5
6293,8
4303,4
2079,4
5745,6
902,2
994,1
2923,6
1418,2
658,1
739,3
665,1
1101,3
886,2
593,2
440,1
1149,2
2283,3
1687,3
1233,3
1869,3
1102,3
916,2
717,3
946,2
594,5
414,1
407,3
265,1
196,1
3960,4
5190,3
4842,4
9265,6
11590,8
4940,3
5659,5
5353,3
9278,5
12165,6
13499,11
4862,4
9551,5
17928,11
15605,8
10582,6
16229,6
7682,3
3768,5
4159,3
11952,6
18903,7
18567,6
6621,5
4089,4
1412,2
9257,5
8212,9
8791,5
12476,10
8535,5
6558,8
3619,4
2933,4
7012,6
1041,2
1362,1
2995,6
2318,2
644,1
863,3
850,1
2000,3
741,2
517,2
689,1
1469,2
1757,3
1711,3
2089,3
1366,3
871,3
1329,2
691,3
1317,2
564,5
403,1
374,3
229,1
183,1
7032,4
11215,3
13300,4
14098,6
30782,8
9610,3
10759,5
12056,3
18804,5
26710,6
29647,11
9975,4
23214,5
27567,11
19694,8
17868,6
15927,6
8749,3
6885,5
8892,3
20786,6
17900,7
17022,6
10583,5
6515,4
2961,2
17792,5
19507,9
14421,5
28762,10
20138,5
13682,8
9612,4
5536,4
12438,6
2200,2
1986,1
7058,6
2971,2
1227,1
1159,3
1115,1
1808,3
1441,2
1014,2
858,1
1690,2
3537,3
2155,3
2904,3
2442,3
2165,3
1773,2
2809,3
2791,2
1116,5
875,1
703,3
476,1
538,1
4323,3
7116,6
9369,6
4759,4
8393,5
11233,7
10778,6
8889,5
9887,6
9922,6
5494,3
8682,5
8521,7
6013,3
4207,3
2642,2
2466,2
3605,3
4648,6
5201,6
4886,7
5612,7
4494,5
2615,3
4128,3
6990,6
9504,6
4734,4
16463,8
17560,10
16342,9
18357,10
15548,9
16907,9
16550,8
17835,7
11137,5
5863,3
5097,3
6998,4
5165,3
2129,1
4278,3
7474,6
9271,6
10050,6
11727,7
19076,11
17830,11
13525,8
10360,6
7292,5
11253,8
10271,9
12311,8
11327,11
6408,8
4725,6
5421,6
6868,7
5720,7
5841,8
5501,6
5711,7
2621,6
3282,4
1039,3
492,1
594,1
753,2
468,1
3995,4
4555,3
5200,4
8982,6
17823,8
4113,3
7279,5
5865,3
10730,5
15167,6
15929,11
7555,4
10126,5
17880,11
13444,8
16905,6
9276,6
3282,3
3043,5
4644,3
8390,6
8775,7
8036,6
3876,5
3034,4
1714,2
8353,5
7620,9
9841,5
10908,10
8418,5
6262,8
4296,4
2097,4
4828,6
2369,2
1396,1
2719,6
1914,2
705,1
720,3
1234,1
1675,3
840,2
672,2
505,1
1002,2
1415,3
1483,3
1262,3
1651,3
1020,3
749,2
672,3
1029,2
572,5
454,1
403,3
303,1
189,1
4128,3
7685,6
10009,6
5710,5
10075,6
9082,6
11293,7
10701,6
18789,11
15773,10
13586,6
14060,7
9918,6
9695,6
5863,4
10410,6
10136,6
5714,4
4049,3
7224,5
1735,1
1925,1
2892,2
1408,1
1277,1
5222,4
4976,3
5295,4
7739,6
12162,8
6546,3
6316,5
4535,3
10084,5
14276,6
15702,11
6320,4
9663,5
17498,11
11377,8
10091,6
9364,6
3355,3
3360,5
4412,3
8539,6
8336,7
9135,6
5768,5
3330,4
1620,2
7338,5
8520,9
7408,5
10448,10
7576,5
6258,8
3499,4
2199,4
4983,6
826,2
989,1
2636,6
2314,2
813,1
702,3
1135,1
1121,3
768,2
597,2
461,1
945,2
1313,3
1172,3
1232,3
1220,3
1678,3
762,2
665,3
895,2
609,5
516,1
415,3
227,1
200,1
